product_id,manufacturer_name,brand_name,color_name,material_code,color_measured_hex,color_measured_rgb,color_measured_cielab,shopify_url_linkfromset
PCDB-002-001-1,Polymaker,Panchroma Matte PLA,Arctic Teal,PLA,#66c2be,"102, 194, 190",73.16 -28.5 -6.1,https://theprintcodex.com/products/PCX-002-001-polyterra-pla-arctic-teal
PCDB-002-002-1,Polymaker,Panchroma Matte PLA,Army Beige,PLA,#d1b6a2,"209, 182, 162",75.79 6.85 13.75,https://theprintcodex.com/products/PCX-002-002-polyterra-pla-army-beige
PCDB-002-003-1,Polymaker,Panchroma Matte PLA,Army Blue,PLA,#2a4056,"42, 64, 86",26.33 -1.96 -15.54,https://theprintcodex.com/products/PCX-002-003-polyterra-pla-army-blue
PCDB-002-004-1,Polymaker,Panchroma Matte PLA,Army Brown,PLA,#796359,"121, 99, 89",43.9 7.26 9.06,https://theprintcodex.com/products/PCX-002-004-polyterra-pla-army-brown
PCDB-002-005-1,Polymaker,Panchroma Matte PLA,Army Dark Green,PLA,#646a4f,"100, 106, 79",43.76 -7.64 14.77,https://theprintcodex.com/products/PCX-002-005-polyterra-pla-army-dark-green
PCDB-002-006-1,Polymaker,Panchroma Matte PLA,Army Light Green,PLA,#b59b43,"181, 155, 67",64.67 -0.65 48.34,https://theprintcodex.com/products/PCX-002-006-polyterra-pla-army-light-green
PCDB-002-007-1,Polymaker,Panchroma Matte PLA,Army Red,PLA,#ab3d3d,"171, 61, 61",41.82 45.24 24.62,https://theprintcodex.com/products/PCX-002-007-polyterra-pla-army-red
PCDB-002-008-1,Polymaker,Panchroma Matte PLA,Charcoal Black,PLA,#3b3d3f,"59, 61, 63",24.67 -1.15 -0.35,https://theprintcodex.com/products/PCX-002-008-polyterra-pla-charcoal-black
PCDB-002-009-1,Polymaker,Panchroma Matte PLA,Cotton White,PLA,#e8e9e4,"232, 233, 228",91.91 -1.42 2.25,https://theprintcodex.com/products/PCX-002-009-polyterra-pla-cotton-white
PCDB-002-010-1,Polymaker,Panchroma Matte PLA,Earth Brown,PLA,#74594b,"116, 89, 75",40.08 9.13 12.12,https://theprintcodex.com/products/PCX-002-010-polyterra-pla-earth-brown
PCDB-002-011-1,Polymaker,Panchroma Matte PLA,Forest Green,PLA,#6bb176,"107, 177, 118",65.75 -35.71 24.11,https://theprintcodex.com/products/PCX-002-011-polyterra-pla-forest-green
PCDB-002-012-1,Polymaker,Panchroma Matte PLA,Fossil Grey,PLA,#899298,"137, 146, 152",60.11 -2.05 -4.06,https://theprintcodex.com/products/PCX-002-012-polyterra-pla-fossil-grey
PCDB-002-013-1,Polymaker,Panchroma Matte PLA,Lava Red,PLA,#d14152,"209, 65, 82",49.91 56.31 22.56,https://theprintcodex.com/products/PCX-002-013-polyterra-pla-lava-red
PCDB-002-014-1,Polymaker,Panchroma Matte PLA,Lavender Purple,PLA,#9288c2,"146, 136, 194",59.52 16.34 -29.07,https://theprintcodex.com/products/PCX-002-014-polyterra-pla-lavender-purple
PCDB-002-015-1,Polymaker,Panchroma Matte PLA,Muted Green,PLA,#758173,"117, 129, 115",54.65 -6.71 5.81,https://theprintcodex.com/products/PCX-002-015-polyterra-pla-muted-green
PCDB-002-016-1,Polymaker,Panchroma Matte PLA,Muted Purple,PLA,#8a7990,"138, 121, 144",53.06 10.85 -9.78,https://theprintcodex.com/products/PCX-002-016-polyterra-pla-muted-purple
PCDB-002-017-1,Polymaker,Panchroma Matte PLA,Muted White,PLA,#b7b0a6,"183, 176, 166",72.02 0.82 5.83,https://theprintcodex.com/products/PCX-002-017-polyterra-pla-muted-white
PCDB-002-018-1,Polymaker,Panchroma Matte PLA,Pastel Banana,PLA,#eccb7e,"236, 203, 126",83.65 2.14 41.82,https://theprintcodex.com/products/PCX-002-018-polyterra-pla-pastel-banana
PCDB-002-019-1,Polymaker,Panchroma Matte PLA,Pastel Candy,PLA,#e4cad5,"228, 202, 213",83.64 11.02 -2.17,https://theprintcodex.com/products/PCX-002-019-polyterra-pla-pastel-candy
PCDB-002-020-1,Polymaker,Panchroma Matte PLA,Pastel Ice,PLA,#a5d8e3,"165, 216, 227",83.14 -13.95 -10.93,https://theprintcodex.com/products/PCX-002-020-polyterra-pla-pastel-ice
PCDB-002-021-1,Polymaker,Panchroma Matte PLA,Pastel Mint,PLA,#ccdeb7,"204, 222, 183",86.56 -12.49 16.84,https://theprintcodex.com/products/PCX-002-021-polyterra-pla-pastel-mint
PCDB-002-022-1,Polymaker,Panchroma Matte PLA,Pastel Peach,PLA,#f5ac82,"245, 172, 130",77.23 21.35 30.84,https://theprintcodex.com/products/PCX-002-022-polyterra-pla-pastel-peach
PCDB-002-023-1,Polymaker,Panchroma Matte PLA,Pastel Peanut,PLA,#bc9d82,"188, 157, 130",66.77 7.64 18.31,https://theprintcodex.com/products/PCX-002-023-polyterra-pla-pastel-peanut
PCDB-002-024-1,Polymaker,Panchroma Matte PLA,Pastel Watermelon,PLA,#d85567,"216, 85, 103",54.03 52.97 17.07,https://theprintcodex.com/products/PCX-002-024-polyterra-pla-pastel-watermelon
PCDB-002-025-1,Polymaker,Panchroma Matte PLA,Sakura Pink,PLA,#e6bfd0,"230, 191, 208",81.06 16.88 -3.08,https://theprintcodex.com/products/PCX-002-025-polyterra-pla-sakura-pink
PCDB-002-026-1,Polymaker,Panchroma Matte PLA,Sapphire Blue,PLA,#267da9,"38, 125, 169",48.41 -9.29 -33.08,https://theprintcodex.com/products/PCX-002-026-polyterra-pla-sapphire-blue
PCDB-002-027-1,Polymaker,Panchroma Matte PLA,Savannah Yellow,PLA,#f4c871,"244, 200, 113",82.84 5.22 49.14,https://theprintcodex.com/products/PCX-002-027-polyterra-pla-savannah-yellow
PCDB-002-028-1,Polymaker,Panchroma Matte PLA,Sunrise Orange,PLA,#f78e53,"247, 142, 83",69.56 35.02 47.38,https://theprintcodex.com/products/PCX-002-028-polyterra-pla-sunrise-orange
PCDB-002-029-1,Polymaker,Panchroma Matte PLA,Wood Brown,PLA,#b48a6c,"180, 138, 108",60.61 12.09 22.24,https://theprintcodex.com/products/PCX-002-029-polyterra-pla-wood-brown
PCDB-002-030-1,Polymaker,Panchroma Matte PLA,Muted Blue,PLA,#648190,"100, 129, 144",52.36 -6.89 -11.33,https://theprintcodex.com/products/PCX-002-030-polyterra-pla-muted-blue
PCDB-002-031-1,Polymaker,Panchroma Matte PLA,Muted Red,PLA,#c85b44,"200, 91, 68",52.92 40.93 33.01,https://theprintcodex.com/products/PCX-002-031-polyterra-pla-muted-red
PCDB-002-032-1,Polymaker,Panchroma Starlight PLA,Mecury,PLA,N/A,N/A,N/A,https://theprintcodex.com/products/PCX-002-032-polylite-starlight-pla-mecury
PCDB-002-033-1,Polymaker,Panchroma Starlight PLA,Jupiter,PLA,N/A,N/A,N/A,https://theprintcodex.com/products/PCX-002-033-polylite-starlight-pla-jupiter
PCDB-002-034-1,Polymaker,Panchroma Starlight PLA,Neptune,PLA,N/A,N/A,N/A,https://theprintcodex.com/products/PCX-002-034-polylite-starlight-pla-neptune
PCDB-002-035-1,Polymaker,Panchroma Galaxy PLA,Black,PLA,N/A,N/A,N/A,https://theprintcodex.com/products/PCX-002-035-polylite-galaxy-pla-black
PCDB-002-036-1,Polymaker,Panchroma Galaxy PLA,Dark Blue,PLA,N/A,N/A,N/A,https://theprintcodex.com/products/PCX-002-036-polylite-galaxy-pla-dark-blue
PCDB-002-037-1,Polymaker,Panchroma Galaxy PLA,Dark Red,PLA,N/A,N/A,N/A,https://theprintcodex.com/products/PCX-002-037-polylite-galaxy-pla-dark-red
PCDB-002-038-1,Polymaker,PolyLite PLA Pro,Sorcerers Red,PLA,N/A,N/A,N/A,https://theprintcodex.com/products/PCX-002-038-polylite-pla-pro-sorcerers-red
PCDB-002-039-1,Polymaker,PolyTerra Marble PLA,Slate Grey,PLA,N/A,N/A,N/A,https://theprintcodex.com/products/PCX-002-042-polyterra-marble-pla-slate-grey
PCDB-002-040-1,Polymaker,PolyTerra Marble PLA,White,PLA,N/A,N/A,N/A,https://theprintcodex.com/products/PCX-002-043-polyterra-marble-pla-white
PCDB-002-041-1,Polymaker,Panchroma Starlight PLA,Twilight,PLA,N/A,N/A,N/A,https://theprintcodex.com/products/PCX-002-050-polylite-starlight-pla-twilight
PCDB-002-042-1,Polymaker,Panchroma Starlight PLA,Nebula,PLA,N/A,N/A,N/A,https://theprintcodex.com/products/PCX-002-051-polylite-starlight-pla-nebula
PCDB-002-043-1,Polymaker,Panchroma Starlight PLA,Aurora,PLA,N/A,N/A,N/A,https://theprintcodex.com/products/PCX-002-052-polylite-starlight-pla-aurora
PCDB-002-044-1,Polymaker,Panchroma Starlight PLA,Meteor,PLA,N/A,N/A,N/A,https://theprintcodex.com/products/PCX-002-053-polylite-starlight-pla-meteor
PCDB-002-045-1,Polymaker,Panchroma Starlight PLA,Comet,PLA,N/A,N/A,N/A,https://theprintcodex.com/products/PCX-002-054-polylite-starlight-pla-comet
PCDB-002-046-1,Polymaker,Matte PLA for Production,White,PLA,,,,
PCDB-002-047-1,Polymaker,Matte PLA for Production,Black,PLA,,,,
PCDB-002-048-1,Polymaker,Panchroma Celestial PLA,Celestial Blue,PLA,,,,
PCDB-002-049-1,Polymaker,Panchroma Celestial PLA,Celestial Green,PLA,,,,
PCDB-002-050-1,Polymaker,Panchroma Celestial PLA,Celestial Purple,PLA,,,,
PCDB-002-051-1,Polymaker,Panchroma Celestial PLA,Celestial White,PLA,,,,
PCDB-002-052-1,Polymaker,Panchroma Celestial PLA,Celestial Light Yellow,PLA,,,,
PCDB-002-053-1,Polymaker,Panchroma Celestial PLA,Celestial Light Pink,PLA,,,,
PCDB-002-054-1,Polymaker,Panchroma Celestial PLA,Celestial Yellow,PLA,,,,
PCDB-002-055-1,Polymaker,Panchroma Dual Matte PLA,Dual Matte Shadow Black,PLA,,,,
PCDB-002-056-1,Polymaker,Panchroma Dual Matte PLA,Dual Matte Shadow Red,PLA,,,,
PCDB-002-057-1,Polymaker,Panchroma Dual Matte PLA,Dual Matte Shadow Orange,PLA,,,,
PCDB-002-058-1,Polymaker,Panchroma Dual Matte PLA,Dual Matte Foggy Orange,PLA,,,,
PCDB-002-059-1,Polymaker,Panchroma Dual Matte PLA,Dual Matte Foggy Purple,PLA,,,,
PCDB-002-060-1,Polymaker,Panchroma Dual Matte PLA,Dual Matte Glacier Blue,PLA,,,,
PCDB-002-061-1,Polymaker,Panchroma Dual Matte PLA,Dual Matte Flamingo,PLA,,,,
PCDB-002-062-1,Polymaker,Panchroma Dual Matte PLA,Dual Matte Chameleon,PLA,,,,
PCDB-002-063-1,Polymaker,Panchroma Dual Matte PLA,Dual Matte Sunrise,PLA,,,,
PCDB-002-064-1,Polymaker,Panchroma Dual Matte PLA,Camouflage,PLA,,,,
PCDB-002-065-1,Polymaker,Panchroma Dual Matte PLA,Dual Matte Mixed Berries,PLA,,,,
PCDB-002-066-1,Polymaker,Panchroma Dual Silk PLA,Dual Silk Aubergine,PLA,,,,
PCDB-002-067-1,Polymaker,Panchroma Dual Silk PLA,Dual Silk Beluga,PLA,,,,
PCDB-002-068-1,Polymaker,Panchroma Dual Silk PLA,Dual Silk Chameleon,PLA,,,,
PCDB-002-069-1,Polymaker,Panchroma Dual Silk PLA,Dual Silk Caribbean Sea,PLA,,,,
PCDB-002-070-1,Polymaker,Panchroma Dual Silk PLA,Dual Silk Crown,PLA,,,,
PCDB-002-071-1,Polymaker,Panchroma Dual Silk PLA,Dual Silk Sovereign,PLA,,,,
PCDB-002-072-1,Polymaker,Panchroma Dual Silk PLA,Dual Silk Banquet,PLA,,,,
PCDB-002-073-1,Polymaker,Panchroma Dual Silk PLA,Dual Silk Jadeite,PLA,,,,
PCDB-002-074-1,Polymaker,Panchroma Dual Silk PLA,Dual Silk Sunset,PLA,,,,
PCDB-002-075-1,Polymaker,Panchroma Dual Special PLA,Dual Yin-Yang,PLA,,,,
PCDB-002-076-1,Polymaker,Panchroma Galaxy PLA,Galaxy Dark Green,PLA,,,,
PCDB-002-077-1,Polymaker,Panchroma Galaxy PLA,Galaxy Dark Grey,PLA,,,,
PCDB-002-078-1,Polymaker,Panchroma Galaxy PLA,Hedgehog Makes,PLA,,,,
PCDB-002-079-1,Polymaker,Panchroma Glow PLA,Glow Green,PLA,,,,
PCDB-002-080-1,Polymaker,Panchroma Glow PLA,Glow Blue,PLA,,,,
PCDB-002-081-1,Polymaker,Panchroma Gradient Matte PLA,Gradient Matte Pastel Rainbow,PLA,,,,
PCDB-002-082-1,Polymaker,Panchroma Gradient Matte PLA,Gradient Matte Cappuccino,PLA,,,,
PCDB-002-083-1,Polymaker,Panchroma Gradient Matte PLA,Gradient Matte Spring,PLA,,,,
PCDB-002-084-1,Polymaker,Panchroma Gradient Matte PLA,Gradient Matte Summer,PLA,,,,
PCDB-002-085-1,Polymaker,Panchroma Gradient Matte PLA,Gradient Matte Fall,PLA,,,,
PCDB-002-086-1,Polymaker,Panchroma Gradient Matte PLA,Gradient Matte Winter,PLA,,,,
PCDB-002-087-1,Polymaker,Panchroma Gradient Matte PLA,Dual Gradient Matte Wood,PLA,,,,
PCDB-002-088-1,Polymaker,Panchroma Gradient Satin PLA,Gradient Satin Rainbow,PLA,,,,
PCDB-002-089-1,Polymaker,Panchroma Gradient Silk,Gradient Silk Rainbow,PLA,,,,
PCDB-002-090-1,Polymaker,Panchroma Gradient Silk,Gradient Silk Fire,PLA,,,,
PCDB-002-091-1,Polymaker,Panchroma Gradient Silk,Gradient Silk Water,PLA,,,,
PCDB-002-092-1,Polymaker,Panchroma Gradient Silk,Gradient Silk Air,PLA,,,,
PCDB-002-093-1,Polymaker,Panchroma Gradient Silk,Gradient Silk Earth,PLA,,,,
PCDB-002-094-1,Polymaker,Panchroma Gradient Translucent PLA,Gradient Translucent Rainbow,PLA,,,,
PCDB-002-095-1,Polymaker,Panchroma Luminous PLA,Gradient Luminous Rainbow,PLA,,,,
PCDB-002-096-1,Polymaker,Panchroma Luminous PLA,Luminous Blue,PLA,,,,
PCDB-002-097-1,Polymaker,Panchroma Luminous PLA,Luminous Orange,PLA,,,,
PCDB-002-098-1,Polymaker,Panchroma Luminous PLA,Luminous Green,PLA,,,,
PCDB-002-099-1,Polymaker,Panchroma Luminous PLA,Luminous Pink,PLA,,,,
PCDB-002-100-1,Polymaker,Panchroma Luminous PLA,Luminous Yellow,PLA,,,,
PCDB-002-101-1,Polymaker,Panchroma Marble PLA,Marble Brick,PLA,,,,
PCDB-002-102-1,Polymaker,Panchroma Marble PLA,Marble Limestone,PLA,,,,
PCDB-002-103-1,Polymaker,Panchroma Marble PLA,Marble Sandstone,PLA,,,,
PCDB-002-104-1,Polymaker,Panchroma Matte PLA,Matte Army Purple,PLA,,,,
PCDB-002-105-1,Polymaker,Panchroma Matte PLA,Matte Ash Grey,PLA,,,,
PCDB-002-106-1,Polymaker,Panchroma Matte PLA,Matte Electric Indigo,PLA,,,,
PCDB-002-107-1,Polymaker,Panchroma Matte PLA,Matte Lime Green,PLA,,,,
PCDB-002-108-1,Polymaker,Panchroma Matte PLA,Matte Lotus Pink,PLA,,,,
PCDB-002-109-1,Polymaker,Panchroma Matte PLA,Matte Pastel Periwinkle,PLA,,,,
PCDB-002-110-1,Polymaker,Panchroma Matte PLA,Matte Sky Blue,PLA,,,,
PCDB-002-111-1,Polymaker,Panchroma Metallic PLA,Metallic Gold,PLA,,,,
PCDB-002-112-1,Polymaker,Panchroma Metallic PLA,Metallic Silver,PLA,,,,
PCDB-002-113-1,Polymaker,Panchroma Metallic PLA,Metallic Bronze,PLA,,,,
PCDB-002-114-1,Polymaker,Panchroma Metallic PLA,Metallic Blue,PLA,,,,
PCDB-002-115-1,Polymaker,Panchroma Neon PLA,Neon Magenta,PLA,,,,
PCDB-002-116-1,Polymaker,Panchroma Neon PLA,Neon Green,PLA,,,,
PCDB-002-117-1,Polymaker,Panchroma Neon PLA,Neon Yellow,PLA,,,,
PCDB-002-118-1,Polymaker,Panchroma Neon PLA,Neon Orange,PLA,,,,
PCDB-002-119-1,Polymaker,Panchroma Neon PLA,Neon Pink,PLA,,,,
PCDB-002-120-1,Polymaker,Panchroma Neon PLA,Neon Red,PLA,,,,
PCDB-002-121-1,Polymaker,Panchroma PLA,Black,PLA,,,,
PCDB-002-122-1,Polymaker,Panchroma PLA,White,PLA,,,,
PCDB-002-123-1,Polymaker,Panchroma PLA,Cold White,PLA,,,,
PCDB-002-124-1,Polymaker,Panchroma PLA,Red,PLA,,,,
PCDB-002-125-1,Polymaker,Panchroma PLA,Orange,PLA,,,,
PCDB-002-126-1,Polymaker,Panchroma PLA,Magenta,PLA,,,,
PCDB-002-127-1,Polymaker,Panchroma PLA,Pink,PLA,,,,
PCDB-002-128-1,Polymaker,Panchroma PLA,Wine Red,PLA,,,,
PCDB-002-129-1,Polymaker,Panchroma PLA,Lemon Yellow,PLA,,,,
PCDB-002-130-1,Polymaker,Panchroma PLA,Yellow,PLA,,,,
PCDB-002-131-1,Polymaker,Panchroma PLA,Cream,PLA,,,,
PCDB-002-132-1,Polymaker,Panchroma PLA,Beige,PLA,,,,
PCDB-002-133-1,Polymaker,Panchroma PLA,Tan,PLA,,,,
PCDB-002-134-1,Polymaker,Panchroma PLA,Brown,PLA,,,,
PCDB-002-135-1,Polymaker,Panchroma PLA,Green,PLA,,,,
PCDB-002-136-1,Polymaker,Panchroma PLA,Lime Green,PLA,,,,
PCDB-002-137-1,Polymaker,Panchroma PLA,Jungle Green,PLA,,,,
PCDB-002-138-1,Polymaker,Panchroma PLA,Olive Green,PLA,,,,
PCDB-002-139-1,Polymaker,Panchroma PLA,Dark Olive Drab,PLA,,,,
PCDB-002-140-1,Polymaker,Panchroma PLA,Azure Blue,PLA,,,,
PCDB-002-141-1,Polymaker,Panchroma PLA,Blue,PLA,,,,
PCDB-002-142-1,Polymaker,Panchroma PLA,Aqua Blue,PLA,,,,
PCDB-002-143-1,Polymaker,Panchroma PLA,Stone Blue,PLA,,,,
PCDB-002-144-1,Polymaker,Panchroma PLA,Polymaker Teal,PLA,,,,
PCDB-002-145-1,Polymaker,Panchroma PLA,Steel Grey,PLA,,,,
PCDB-002-146-1,Polymaker,Panchroma PLA,Grey,PLA,,,,
PCDB-002-147-1,Polymaker,Panchroma PLA,Dark Grey,PLA,,,,
PCDB-002-148-1,Polymaker,Panchroma PLA,Purple,PLA,,,,
PCDB-002-149-1,Polymaker,Panchroma Satin PLA,Satin Black,PLA,,,,
PCDB-002-150-1,Polymaker,Panchroma Satin PLA,Satin White,PLA,,,,
PCDB-002-151-1,Polymaker,Panchroma Satin PLA,Satin Grey,PLA,,,,
PCDB-002-152-1,Polymaker,Panchroma Satin PLA,Satin Orange,PLA,,,,
PCDB-002-153-1,Polymaker,Panchroma Satin PLA,Satin Yellow,PLA,,,,
PCDB-002-154-1,Polymaker,Panchroma Satin PLA,Satin Green,PLA,,,,
PCDB-002-155-1,Polymaker,Panchroma Satin PLA,Satin Polymaker Teal,PLA,,,,
PCDB-002-156-1,Polymaker,Panchroma Satin PLA,Satin Blue,PLA,,,,
PCDB-002-157-1,Polymaker,Panchroma Satin PLA,Satin Purple,PLA,,,,
PCDB-002-158-1,Polymaker,Panchroma Satin PLA,Satin Red,PLA,,,,
PCDB-002-159-1,Polymaker,Panchroma Silk PLA,Silk Black,PLA,,,,
PCDB-002-160-1,Polymaker,Panchroma Silk PLA,Silk Purple,PLA,,,,
PCDB-002-161-1,Polymaker,Panchroma Silk PLA,Silk Magenta,PLA,,,,
PCDB-002-162-1,Polymaker,Panchroma Silk PLA,Silk Rose,PLA,,,,
PCDB-002-163-1,Polymaker,Panchroma Silk PLA,Silk Red,PLA,,,,
PCDB-002-164-1,Polymaker,Panchroma Silk PLA,Silk Rose Gold,PLA,,,,
PCDB-002-165-1,Polymaker,Panchroma Silk PLA,Silk Quartz Pink,PLA,,,,
PCDB-002-166-1,Polymaker,Panchroma Silk PLA,Silk Bronze,PLA,,,,
PCDB-002-167-1,Polymaker,Panchroma Silk PLA,Silk Orange,PLA,,,,
PCDB-002-168-1,Polymaker,Panchroma Silk PLA,Silk White,PLA,,,,
PCDB-002-169-1,Polymaker,Panchroma Silk PLA,Silk Gold,PLA,,,,
PCDB-002-170-1,Polymaker,Panchroma Silk PLA,Silk Yellow,PLA,,,,
PCDB-002-171-1,Polymaker,Panchroma Silk PLA,Silk Lime,PLA,,,,
PCDB-002-172-1,Polymaker,Panchroma Silk PLA,Silk Green,PLA,,,,
PCDB-002-173-1,Polymaker,Panchroma Silk PLA,Silk Teal,PLA,,,,
PCDB-002-174-1,Polymaker,Panchroma Silk PLA,Silk Light Blue,PLA,,,,
PCDB-002-175-1,Polymaker,Panchroma Silk PLA,Silk Blue,PLA,,,,
PCDB-002-176-1,Polymaker,Panchroma Silk PLA,Silk Chrome,PLA,,,,
PCDB-002-177-1,Polymaker,Panchroma Silk PLA,Silk Silver,PLA,,,,
PCDB-002-178-1,Polymaker,Panchroma Silk PLA,Silk Brass,PLA,,,,
PCDB-002-179-1,Polymaker,Panchroma Silk PLA,Silk Peridot Green,PLA,,,,
PCDB-002-180-1,Polymaker,Panchroma Silk PLA,Silk Periwinkle,PLA,,,,
PCDB-002-181-1,Polymaker,Panchroma Silk PLA,Silk Dark Blue,PLA,,,,
PCDB-002-182-1,Polymaker,Panchroma Silk PLA,Silk Gunmetal Grey,PLA,,,,
PCDB-002-183-1,Polymaker,Panchroma Starlight PLA,Mars,PLA,,,,
PCDB-002-184-1,Polymaker,Panchroma Starlight PLA,Midnight,PLA,,,,
PCDB-002-185-1,Polymaker,Panchroma Starlight PLA,Pulsar,PLA,,,,
PCDB-002-186-1,Polymaker,Panchroma Temp Shift PLA,Green-Lime,PLA,,,,
PCDB-002-187-1,Polymaker,Panchroma Temp Shift PLA,Purple-Pink-Translucent,PLA,,,,
PCDB-002-188-1,Polymaker,Panchroma Translucent PLA,Translucent Cyan,PLA,,,,
PCDB-002-189-1,Polymaker,Panchroma Translucent PLA,Translucent Magenta,PLA,,,,
PCDB-002-190-1,Polymaker,Panchroma Translucent PLA,Translucent Yellow,PLA,,,,
PCDB-002-191-1,Polymaker,Panchroma Translucent PLA,Translucent Grey,PLA,,,,
PCDB-002-192-1,Polymaker,Panchroma Translucent PLA,Translucent Natural,PLA,,,,
PCDB-002-193-1,Polymaker,Panchroma UV Shift PLA,UV Shift Natural,PLA,,,,
PCDB-002-194-1,Polymaker,PolyLite Metallic PLA Pro,Gold,PLA,,,,
PCDB-002-195-1,Polymaker,PolyLite Metallic PLA Pro,Silver,PLA,,,,
PCDB-002-196-1,Polymaker,PolyLite Metallic PLA Pro,Bronze,PLA,,,,
PCDB-002-197-1,Polymaker,PolyLite Metallic PLA Pro,Metallic Blue,PLA,,,,
PCDB-002-198-1,Polymaker,PolyLite Metallic PLA Pro,Metallic Red,PLA,,,,
PCDB-002-199-1,Polymaker,PolyLite Metallic PLA Pro,Metallic Magenta,PLA,,,,
PCDB-002-200-1,Polymaker,PolyLite Metallic PLA Pro,Metallic Chrome,PLA,,,,
PCDB-002-201-1,Polymaker,PolyLite Metallic PLA Pro,Metallic Black,PLA,,,,
PCDB-002-202-1,Polymaker,PolyLite PLA Pro,Black,PLA,,,,
PCDB-002-203-1,Polymaker,PolyLite PLA Pro,White,PLA,,,,
PCDB-002-204-1,Polymaker,PolyLite PLA Pro,Cold White,PLA,,,,
PCDB-002-205-1,Polymaker,PolyLite PLA Pro,Orange,PLA,,,,
PCDB-002-206-1,Polymaker,PolyLite PLA Pro,Army Beige,PLA,,,,
PCDB-002-207-1,Polymaker,PolyLite PLA Pro,Yellow,PLA,,,,
PCDB-002-208-1,Polymaker,PolyLite PLA Pro,Light Yellow,PLA,,,,
PCDB-002-209-1,Polymaker,PolyLite PLA Pro,Army Green,PLA,,,,
PCDB-002-210-1,Polymaker,PolyLite PLA Pro,Light Green,PLA,,,,
PCDB-002-211-1,Polymaker,PolyLite PLA Pro,Green,PLA,,,,
PCDB-002-212-1,Polymaker,PolyLite PLA Pro,Polymaker Teal,PLA,,,,
PCDB-002-213-1,Polymaker,PolyLite PLA Pro,Blue-Green,PLA,,,,
PCDB-002-214-1,Polymaker,PolyLite PLA Pro,Light Blue,PLA,,,,
PCDB-002-215-1,Polymaker,PolyLite PLA Pro,Blue,PLA,,,,
PCDB-002-216-1,Polymaker,PolyLite PLA Pro,Grey,PLA,,,,
PCDB-002-217-1,Polymaker,PolyLite PLA Pro,Purple,PLA,,,,
PCDB-002-218-1,Polymaker,PolyLite PLA Pro,Dark Purple,PLA,,,,
PCDB-002-219-1,Polymaker,PolyLite PLA Pro,Magenta,PLA,,,,
PCDB-002-220-1,Polymaker,PolyLite PLA Pro,Pink,PLA,,,,
PCDB-002-221-1,Polymaker,PolyLite PLA Pro,Light Red,PLA,,,,
PCDB-002-222-1,Polymaker,PolyLite PLA Pro,Red,PLA,,,,
PCDB-002-223-1,Polymaker,PolyLite PLA Pro,Brown,PLA,,,,
PCDB-002-224-1,Polymaker,PolyLite PLA Pro,Dark Grey,PLA,,,,
PCDB-002-225-1,Polymaker,PolyLite PLA Pro,LM Sparkle Green,PLA,,,,
PCDB-002-226-1,Polymaker,PolyLite PLA Pro,3D Print General Flat Dark Earth,PLA,,,,
PCDB-002-227-1,Polymaker,PolyLite PLA-CF,Black,PLA,,,,
PCDB-002-228-1,Polymaker,PolyLite LW-PLA,Black,PLA,,,,
PCDB-002-229-1,Polymaker,PolyLite LW-PLA,White,PLA,,,,
PCDB-002-230-1,Polymaker,PolyLite LW-PLA,Grey,PLA,,,,
PCDB-002-231-1,Polymaker,PolyLite LW-PLA,Wood,PLA,,,,
PCDB-002-232-1,Polymaker,PolyLite LW-PLA,Bright Orange,PLA,,,,
PCDB-002-233-1,Polymaker,PolyLite LW-PLA,Bright Yellow,PLA,,,,
PCDB-002-234-1,Polymaker,PolyLite LW-PLA,Bright Green,PLA,,,,
PCDB-002-235-1,Polymaker,PolyLite LW-PLA,Bright Red,PLA,,,,
PCDB-002-236-1,Polymaker,PolyLite CosPLA,Version A,PLA,,,,
PCDB-002-237-1,Polymaker,PolyLite CosPLA,Version B,PLA,,,,
PCDB-002-238-1,Polymaker,Polymaker Wood PLA,Wood,PLA,,,,
PCDB-002-239-1,Polymaker,Polymaker HT-PLA,Black,PLA,,,,
PCDB-002-240-1,Polymaker,Polymaker HT-PLA,White,PLA,,,,
PCDB-002-241-1,Polymaker,Polymaker HT-PLA,Grey,PLA,,,,
PCDB-002-242-1,Polymaker,Polymaker HT-PLA,Blue,PLA,,,,
PCDB-002-243-1,Polymaker,Polymaker HT-PLA,Red,PLA,,,,
PCDB-002-244-1,Polymaker,Polymaker HT-PLA,Green,PLA,,,,
PCDB-002-245-1,Polymaker,Polymaker HT-PLA,Yellow,PLA,,,,
PCDB-002-246-1,Polymaker,Polymaker HT-PLA,Orange,PLA,,,,
PCDB-002-247-1,Polymaker,Polymaker HT-PLA,Brown,PLA,,,,
PCDB-002-248-1,Polymaker,Polymaker HT-PLA,Teal,PLA,,,,
PCDB-002-249-1,Polymaker,Polymaker HT-PLA,Gradient Rainbow,PLA,,,,
PCDB-002-250-1,Polymaker,Polymaker HT-PLA,Gradient Tropical,PLA,,,,
PCDB-002-251-1,Polymaker,Polymaker HT-PLA,Gradient Ice,PLA,,,,
PCDB-002-252-1,Polymaker,Polymaker HT-PLA,Gradient Fire,PLA,,,,
PCDB-002-253-1,Polymaker,Polymaker HT-PLA-GF,Black,PLA,,,,
PCDB-002-254-1,Polymaker,Polymaker HT-PLA-GF,White,PLA,,,,
PCDB-002-255-1,Polymaker,Polymaker HT-PLA-GF,Grey,PLA,,,,
PCDB-002-256-1,Polymaker,Polymaker HT-PLA-GF,Blue,PLA,,,,
PCDB-002-257-1,Polymaker,Polymaker HT-PLA-GF,Army Green,PLA,,,,
PCDB-002-258-1,Polymaker,Polymaker HT-PLA-GF,Power Tool Yellow,PLA,,,,
PCDB-002-259-1,Polymaker,Polymaker HT-PLA-GF,Power Tool Red,PLA,,,,
PCDB-002-260-1,Polymaker,Polymaker HT-PLA-GF,Power Tool Green,PLA,,,,
PCDB-002-261-1,Polymaker,Polymaker HT-PLA-GF,Power Tool Teal,PLA,,,,
PCDB-002-262-1,Polymaker,PolyMax PLA,Black,PLA,,,,
PCDB-002-263-1,Polymaker,PolyMax PLA,White,PLA,,,,
PCDB-002-264-1,Polymaker,PolyMax PLA,Grey,PLA,,,,
PCDB-002-265-1,Polymaker,PolyMax PLA,Blue,PLA,,,,
PCDB-002-266-1,Polymaker,PolyMax PLA,Red,PLA,,,,
PCDB-002-267-1,Polymaker,PolyMax PLA,Green,PLA,,,,
PCDB-002-268-1,Polymaker,PolyMax PLA,Yellow,PLA,,,,
PCDB-002-269-1,Polymaker,PolyMax PLA,Orange,PLA,,,,
PCDB-002-270-1,Polymaker,PolyMax PLA,Polymaker Teal,PLA,,,,
PCDB-002-271-1,Polymaker,PolyMax PLA,Purple,PLA,,,,
PCDB-002-272-1,Polymaker,PolyMax PLA,FDE Beige,PLA,,,,
PCDB-002-273-1,Polymaker,PolyMax PLA,Pink,PLA,,,,
PCDB-002-274-1,Polymaker,PolySonic PLA,Black,PLA,,,,
PCDB-002-275-1,Polymaker,PolySonic PLA,White,PLA,,,,
PCDB-002-276-1,Polymaker,PolySonic PLA,Grey,PLA,,,,
PCDB-002-277-1,Polymaker,PolySonic PLA,Red,PLA,,,,
PCDB-002-278-1,Polymaker,PolySonic PLA,Blue,PLA,,,,
PCDB-002-279-1,Polymaker,PolySonic PLA,Yellow,PLA,,,,
PCDB-002-280-1,Polymaker,PolySonic PLA,Green,PLA,,,,
PCDB-002-281-1,Polymaker,PolySonic PLA,Orange,PLA,,,,
PCDB-002-282-1,Polymaker,PolySonic PLA,Polymaker Teal,PLA,,,,
PCDB-002-283-1,Polymaker,PolySonic PLA,Purple,PLA,,,,
PCDB-002-284-1,Polymaker,PolySonic PLA Pro,Black,PLA,,,,
PCDB-002-285-1,Polymaker,PolySonic PLA Pro,White,PLA,,,,
PCDB-002-286-1,Polymaker,PolySonic PLA Pro,Red,PLA,,,,
PCDB-002-287-1,Polymaker,PolySonic PLA Pro,Blue,PLA,,,,
PCDB-002-288-1,Polymaker,PolySonic PLA Pro,Grey,PLA,,,,
PCDB-002-289-1,Polymaker,PolySonic PLA Pro,Yellow,PLA,,,,
PCDB-002-290-1,Polymaker,PolySonic PLA Pro,Orange,PLA,,,,
PCDB-002-291-1,Polymaker,PolySonic PLA Pro,Purple,PLA,,,,
PCDB-002-292-1,Polymaker,PolySonic PLA Pro,Polymaker Teal,PLA,,,,
PCDB-002-293-1,Polymaker,PolySonic PLA Pro,Green,PLA,,,,
PCDB-002-001-2,Polymaker,PolyLite PETG,Black,PETG,,,,
PCDB-002-002-2,Polymaker,PolyLite PETG,White,PETG,,,,
PCDB-002-003-2,Polymaker,PolyLite PETG,Grey,PETG,,,,
PCDB-002-004-2,Polymaker,PolyLite PETG,Blue,PETG,,,,
PCDB-002-005-2,Polymaker,PolyLite PETG,Red,PETG,,,,
PCDB-002-006-2,Polymaker,PolyLite PETG,Green,PETG,,,,
PCDB-002-007-2,Polymaker,PolyLite PETG,Yellow,PETG,,,,
PCDB-002-008-2,Polymaker,PolyLite PETG,Polymaker Teal,PETG,,,,
PCDB-002-009-2,Polymaker,PolyLite PETG,Orange,PETG,,,,
PCDB-002-010-2,Polymaker,PolyLite PETG,Purple,PETG,,,,
PCDB-002-011-2,Polymaker,PolyLite PETG,Dark Blue,PETG,,,,
PCDB-002-012-2,Polymaker,PolyLite PETG,Dark Green,PETG,,,,
PCDB-002-013-2,Polymaker,PolyLite PETG,Silver,PETG,,,,
PCDB-002-014-2,Polymaker,PolyLite PETG,Gold,PETG,,,,
PCDB-002-015-2,Polymaker,PolyLite PETG,Magenta,PETG,,,,
PCDB-002-016-2,Polymaker,PolyLite PETG,Pink,PETG,,,,
PCDB-002-017-2,Polymaker,PolyLite PETG,Lime,PETG,,,,
PCDB-002-018-2,Polymaker,PolyLite PETG,Electric Blue,PETG,,,,
PCDB-002-019-2,Polymaker,PolyLite PETG,Dark Grey,PETG,,,,
PCDB-002-020-2,Polymaker,PolyLite PETG,Dark Purple,PETG,,,,
PCDB-002-021-2,Polymaker,PolyLite PETG,Clear,PETG,,,,
PCDB-002-022-2,Polymaker,PolyLite Translucent PETG,Translucent Blue,PETG,,,,
PCDB-002-023-2,Polymaker,PolyLite Translucent PETG,Translucent Red,PETG,,,,
PCDB-002-024-2,Polymaker,PolyLite Translucent PETG,Translucent Green,PETG,,,,
PCDB-002-025-2,Polymaker,PolyLite Translucent PETG,Clear,PETG,,,,
PCDB-002-026-2,Polymaker,Fiberon PETG-rCF08,Black,PETG,,,,
PCDB-002-027-2,Polymaker,Fiberon PETG-ESD,Black,PETG,,,,
PCDB-002-028-2,Polymaker,PolyMax PETG,Black,PETG,,,,
PCDB-002-029-2,Polymaker,PolyMax PETG,White,PETG,,,,
PCDB-002-001-3,Polymaker,Fiberon ASA-CF08,Black,ASA,,,,
PCDB-002-002-3,Polymaker,Fiberon ASA-CF08,Dark Grey,ASA,,,,
PCDB-002-003-3,Polymaker,Fiberon ASA-CF08,Light Grey,ASA,,,,
PCDB-002-004-3,Polymaker,Fiberon ASA-CF08,Navy Blue,ASA,,,,
PCDB-002-005-3,Polymaker,Fiberon ASA-CF08,Dark Red,ASA,,,,
PCDB-002-006-3,Polymaker,Fiberon ASA-CF08,Desert Sand,ASA,,,,
PCDB-002-007-3,Polymaker,PolyLite ASA,Jet Black,ASA,,,,
PCDB-002-008-3,Polymaker,PolyLite ASA,Black,ASA,,,,
PCDB-002-009-3,Polymaker,PolyLite ASA,White,ASA,,,,
PCDB-002-010-3,Polymaker,PolyLite ASA,Grey,ASA,,,,
PCDB-002-011-3,Polymaker,PolyLite ASA,Blue,ASA,,,,
PCDB-002-012-3,Polymaker,PolyLite ASA,Red,ASA,,,,
PCDB-002-013-3,Polymaker,PolyLite ASA,Green,ASA,,,,
PCDB-002-014-3,Polymaker,PolyLite ASA,Orange,ASA,,,,
PCDB-002-015-3,Polymaker,PolyLite ASA,Yellow,ASA,,,,
PCDB-002-016-3,Polymaker,PolyLite ASA,Purple,ASA,,,,
PCDB-002-017-3,Polymaker,PolyLite ASA,Polymaker Teal,ASA,,,,
PCDB-002-018-3,Polymaker,PolyLite ASA,Natural,ASA,,,,
PCDB-002-019-3,Polymaker,PolyLite ASA,Army Green,ASA,,,,
PCDB-002-020-3,Polymaker,PolyLite ASA,Army Brown,ASA,,,,
PCDB-002-021-3,Polymaker,PolyLite ASA,Dark Grey,ASA,,,,
PCDB-002-022-3,Polymaker,PolyLite ASA,Pop Blue,ASA,,,,
PCDB-002-023-3,Polymaker,PolyLite ASA,Pop Pink,ASA,,,,
PCDB-002-024-3,Polymaker,PolyLite ASA,Pop Green,ASA,,,,
PCDB-002-025-3,Polymaker,PolyLite ASA,Dark Purple,ASA,,,,
PCDB-002-026-3,Polymaker,PolyLite ASA,Dark Gray Green,ASA,,,,
PCDB-002-027-3,Polymaker,PolyLite ASA,Olive Brown,ASA,,,,
PCDB-002-028-3,Polymaker,PolyLite Galaxy ASA,Galaxy Black,ASA,,,,
PCDB-002-029-3,Polymaker,PolyLite Galaxy ASA,Galaxy Blue,ASA,,,,
PCDB-002-030-3,Polymaker,PolyLite Galaxy ASA,Galaxy Red,ASA,,,,
PCDB-002-031-3,Polymaker,PolyLite Galaxy ASA,Galaxy Green,ASA,,,,
PCDB-002-001-4,Polymaker,PolyLite ABS,Black,ABS,,,,
PCDB-002-002-4,Polymaker,PolyLite ABS,White,ABS,,,,
PCDB-002-003-4,Polymaker,PolyLite ABS,Grey,ABS,,,,
PCDB-002-004-4,Polymaker,PolyLite ABS,Blue,ABS,,,,
PCDB-002-005-4,Polymaker,PolyLite ABS,Red,ABS,,,,
PCDB-002-006-4,Polymaker,PolyLite ABS,Green,ABS,,,,
PCDB-002-007-4,Polymaker,PolyLite ABS,Yellow,ABS,,,,
PCDB-002-008-4,Polymaker,PolyLite ABS,Orange,ABS,,,,
PCDB-002-009-4,Polymaker,PolyLite ABS,Teal,ABS,,,,
PCDB-002-010-4,Polymaker,PolyLite ABS,Purple,ABS,,,,
PCDB-002-011-4,Polymaker,PolyLite ABS,Pink,ABS,,,,
PCDB-002-012-4,Polymaker,PolyLite ABS,Lime,ABS,,,,
PCDB-002-013-4,Polymaker,PolyLite ABS,Light Blue,ABS,,,,
PCDB-002-014-4,Polymaker,PolyLite ABS,Dark Grey,ABS,,,,
PCDB-002-015-4,Polymaker,PolyLite ABS,Gold,ABS,,,,
PCDB-002-016-4,Polymaker,PolyLite ABS,Dark Purple,ABS,,,,
PCDB-002-017-4,Polymaker,PolyLite ABS,Natural,ABS,,,,
PCDB-002-018-4,Polymaker,PolyLite Galaxy ABS,Galaxy Black,ABS,,,,
PCDB-002-019-4,Polymaker,PolyLite Galaxy ABS,Galaxy Dark Grey,ABS,,,,
PCDB-002-020-4,Polymaker,PolyLite Galaxy ABS,Galaxy Purple,ABS,,,,
PCDB-002-021-4,Polymaker,PolyLite Galaxy ABS,Galaxy Teal,ABS,,,,
PCDB-002-022-4,Polymaker,PolyLite Galaxy ABS,Galaxy Orange,ABS,,,,
PCDB-002-023-4,Polymaker,PolyLite Metallic ABS,Metallic Blue,ABS,,,,
PCDB-002-024-4,Polymaker,PolyLite Metallic ABS,Metallic Green,ABS,,,,
PCDB-002-025-4,Polymaker,PolyLite Neon ABS,Neon Green,ABS,,,,
PCDB-002-026-4,Polymaker,PolyLite Neon ABS,Neon Yellow,ABS,,,,
PCDB-002-027-4,Polymaker,PolyLite Neon ABS,Neon Orange,ABS,,,,
PCDB-002-028-4,Polymaker,PolyLite Neon ABS,Neon Magenta,ABS,,,,
PCDB-002-001-7,Polymaker,Fiberon PA12-CF10,Black,PA,,,,
PCDB-002-002-7,Polymaker,Fiberon PA6-CF20,Black,PA,,,,
PCDB-002-003-7,Polymaker,Fiberon PA6-GF25,Grey,PA,,,,
PCDB-002-004-7,Polymaker,Fiberon PA612-CF15,Black,PA,,,,
PCDB-002-005-7,Polymaker,Fiberon PA612-ESD,Black,PA,,,,
PCDB-002-001-8,Polymaker,Polymaker PC-ABS,Black,PC-ABS,,,,
PCDB-002-002-8,Polymaker,Polymaker PC-ABS,White,PC-ABS,,,,
PCDB-002-003-8,Polymaker,Polymaker PC-PBT,Black,PC-PBT,,,,
PCDB-002-004-8,Polymaker,Polymaker PC-PBT,Natural,PC-PBT,,,,
PCDB-002-005-8,Polymaker,PolyMax PC,Black,PC,,,,
PCDB-002-006-8,Polymaker,PolyMax PC,White,PC,,,,
PCDB-002-007-8,Polymaker,PolyMax PC,Grey,PC,,,,
PCDB-002-008-8,Polymaker,PolyMax PC,Blue,PC,,,,
PCDB-002-009-8,Polymaker,PolyMax PC,Red,PC,,,,
PCDB-002-010-8,Polymaker,PolyMax PC-FR,Black,PC,,,,
PCDB-002-011-8,Polymaker,PolyLite PC,Transparent,PC,,,,
PCDB-002-012-8,Polymaker,PolyMax PC-FR,White,PC,,,,
PCDB-002-001-14,Polymaker,Fiberon PET-CF17,Black,PET,,,,
PCDB-002-002-14,Polymaker,Fiberon PET-GF15,Black,PET,,,,
PCDB-002-003-14,Polymaker,Fiberon PET-GF15,Dark Grey,PET,,,,
PCDB-002-004-14,Polymaker,Fiberon PET-GF15,Light Grey,PET,,,,
PCDB-002-005-14,Polymaker,Fiberon PET-GF15,White,PET,,,,
PCDB-002-006-14,Polymaker,Fiberon PET-GF15,Blue,PET,,,,
PCDB-002-007-14,Polymaker,Fiberon PET-GF15,Red,PET,,,,
PCDB-002-001-15,Polymaker,Fiberon PPS-CF10,Black,PPS,,,,
PCDB-002-002-15,Polymaker,Fiberon PPS-GF20,Grey,PPS,,,,
PCDB-002-001-13,Polymaker,Panchroma CoPE,Black,CoPE,,,,
PCDB-002-002-13,Polymaker,Panchroma CoPE,Dark Grey,CoPE,,,,
PCDB-002-003-13,Polymaker,Panchroma CoPE,Steel Grey,CoPE,,,,
PCDB-002-004-13,Polymaker,Panchroma CoPE,Grey,CoPE,,,,
PCDB-002-005-13,Polymaker,Panchroma CoPE,Brown,CoPE,,,,
PCDB-002-006-13,Polymaker,Panchroma CoPE,Tan,CoPE,,,,
PCDB-002-007-13,Polymaker,Panchroma CoPE,Beige,CoPE,,,,
PCDB-002-008-13,Polymaker,Panchroma CoPE,Cream,CoPE,,,,
PCDB-002-009-13,Polymaker,Panchroma CoPE,White,CoPE,,,,
PCDB-002-010-13,Polymaker,Panchroma CoPE,Cold White,CoPE,,,,
PCDB-002-011-13,Polymaker,Panchroma CoPE,Pink,CoPE,,,,
PCDB-002-012-13,Polymaker,Panchroma CoPE,Magenta,CoPE,,,,
PCDB-002-013-13,Polymaker,Panchroma CoPE,Red,CoPE,,,,
PCDB-002-014-13,Polymaker,Panchroma CoPE,Wine Red,CoPE,,,,
PCDB-002-015-13,Polymaker,Panchroma CoPE,Orange,CoPE,,,,
PCDB-002-016-13,Polymaker,Panchroma CoPE,Yellow,CoPE,,,,
PCDB-002-017-13,Polymaker,Panchroma CoPE,Lemon Yellow,CoPE,,,,
PCDB-002-018-13,Polymaker,Panchroma CoPE,Lime Green,CoPE,,,,
PCDB-002-019-13,Polymaker,Panchroma CoPE,Olive Green,CoPE,,,,
PCDB-002-020-13,Polymaker,Panchroma CoPE,Green,CoPE,,,,
PCDB-002-021-13,Polymaker,Panchroma CoPE,Jungle Green,CoPE,,,,
PCDB-002-022-13,Polymaker,Panchroma CoPE,Olive Drab Green,CoPE,,,,
PCDB-002-023-13,Polymaker,Panchroma CoPE,Polymaker Teal,CoPE,,,,
PCDB-002-024-13,Polymaker,Panchroma CoPE,Aqua Blue,CoPE,,,,
PCDB-002-025-13,Polymaker,Panchroma CoPE,Stone Blue,CoPE,,,,
PCDB-002-026-13,Polymaker,Panchroma CoPE,Blue,CoPE,,,,
PCDB-002-027-13,Polymaker,Panchroma CoPE,Purple,CoPE,,,,
PCDB-002-001-5,Polymaker,PolyFlex TPU90,Black,TPU,,,,
PCDB-002-002-5,Polymaker,PolyFlex TPU90,White,TPU,,,,
PCDB-002-003-5,Polymaker,PolyFlex TPU90,Grey,TPU,,,,
PCDB-002-004-5,Polymaker,PolyFlex TPU90,Polymaker Teal,TPU,,,,
PCDB-002-005-5,Polymaker,PolyFlex TPU90,Clear,TPU,,,,
PCDB-002-006-5,Polymaker,PolyFlex TPU95,Black,TPU,,,,
PCDB-002-007-5,Polymaker,PolyFlex TPU95,White,TPU,,,,
PCDB-002-008-5,Polymaker,PolyFlex TPU95,Blue,TPU,,,,
PCDB-002-009-5,Polymaker,PolyFlex TPU95,Red,TPU,,,,
PCDB-002-010-5,Polymaker,PolyFlex TPU95,Yellow,TPU,,,,
PCDB-002-011-5,Polymaker,PolyFlex TPU95,Orange,TPU,,,,
PCDB-002-012-5,Polymaker,PolyFlex TPU95-HF,Black,TPU,,,,
PCDB-002-013-5,Polymaker,PolyFlex TPU95-HF,White,TPU,,,,
PCDB-002-014-5,Polymaker,PolyFlex TPU95-HF,Clear,TPU,,,,
PCDB-002-001-16,Polymaker,PolyMide CoPA,Black,CoPA,,,,
PCDB-002-002-16,Polymaker,PolyMide CoPA,Natural,CoPA,,,,
PCDB-002-001-12,Polymaker,PolySmooth,Black,PVB,,,,
PCDB-002-002-12,Polymaker,PolySmooth,White,PVB,,,,
PCDB-002-003-12,Polymaker,PolySmooth,Slate Grey,PVB,,,,
PCDB-002-004-12,Polymaker,PolySmooth,Electric Blue,PVB,,,,
PCDB-002-005-12,Polymaker,PolySmooth,Coral Red,PVB,,,,
PCDB-002-006-12,Polymaker,PolySmooth,Green,PVB,,,,
PCDB-002-007-12,Polymaker,PolySmooth,Yellow,PVB,,,,
PCDB-002-008-12,Polymaker,PolySmooth,Orange,PVB,,,,
PCDB-002-009-12,Polymaker,PolySmooth,Polymaker Teal,PVB,,,,
PCDB-002-010-12,Polymaker,PolySmooth,Pink,PVB,,,,
PCDB-002-011-12,Polymaker,PolySmooth,Beige,PVB,,,,
PCDB-002-012-12,Polymaker,PolySmooth,Transparent,PVB,,,,
PCDB-002-013-12,Polymaker,PolyCast,Natural,PVB,,,,
PCDB-002-001-11,Polymaker,PolyDissolve S1 (PVA),Natural,PVA,,,,
,,,,,,,,
PCDB-003-001-1,Bambu Lab,Basic PLA,Beige,PLA,#e3d1c5,"227, 209, 197",85.03 4.15 8.36,https://theprintcodex.com/products/PCX-003-001-bambu-lab-pla-beige
PCDB-003-002-1,Bambu Lab,Basic PLA,Blue,PLA,#1857a5,"24, 87, 165",37.3 10.42 -47.72,https://theprintcodex.com/products/PCX-003-002-bambu-lab-pla-blue
PCDB-003-003-1,Bambu Lab,Basic PLA,Blue Grey,PLA,#667986,"102, 121, 134",49.65 -4.03 -9.29,https://theprintcodex.com/products/PCX-003-003-bambu-lab-pla-blue-grey
PCDB-003-004-1,Bambu Lab,Basic PLA,Brown,PLA,#925642,"146, 86, 66",43.09 22.58 22.45,https://theprintcodex.com/products/pcx-003-004-bambu-lab-pla-brown
PCDB-003-005-1,Bambu Lab,Basic PLA,Green,PLA,#00554b,"0, 85, 75",31.15 -30.24 -1.84,https://theprintcodex.com/products/pcx-003-005-bambu-lab-pla-green
PCDB-003-006-1,Bambu Lab,Basic PLA,Grey,PLA,#979a98,"151, 154, 152",63.15 -1.3 0.48,https://theprintcodex.com/products/PCX-003-006-bambu-lab-pla-grey
PCDB-003-007-1,Bambu Lab,Basic PLA,Jade White,PLA,#d7dfde,"215, 223, 222",88.22 -2.7 -0.45,https://theprintcodex.com/products/PCX-003-007-bambu-lab-pla-jade-white
PCDB-003-008-1,Bambu Lab,Basic PLA,Orange,PLA,#d46e2a,"212, 110, 42",58.44 37.42 53.65,https://theprintcodex.com/products/PCX-003-008-bambu-lab-pla-orange
PCDB-003-009-1,Bambu Lab,Basic PLA,Pink,PLA,#f27390,"242, 115, 144",64.3 51.95 8,https://theprintcodex.com/products/PCX-003-009-bambu-lab-pla-pink
PCDB-003-010-1,Bambu Lab,Basic PLA,Red,PLA,#b52f37,"181, 47, 55",41.57 53.75 28.23,https://theprintcodex.com/products/PCX-003-010-bambu-lab-pla-red
PCDB-003-011-1,Bambu Lab,Basic PLA,Silver,PLA,#73777a,"115, 119, 122",49.84 -1.1 -2.07,https://theprintcodex.com/products/PCX-003-011-bambu-lab-pla-silver
PCDB-003-012-1,Bambu Lab,Basic PLA,Yellow,PLA,#ecd40d,"236, 212, 13",84.44 -8.06 83.32,https://theprintcodex.com/products/PCX-003-012-bambu-lab-pla-yellow
PCDB-003-013-1,Bambu Lab,Basic PLA,Black,PLA,#252522,"37, 37, 34",14.48 -0.42 1.75,https://theprintcodex.com/products/PCX-003-013-bambu-lab-pla-black
PCDB-003-014-1,Bambu Lab,Basic PLA,Bambu Green,PLA,#11a34a,"17, 163, 74",58.38 -55.35 36.53,https://theprintcodex.com/products/PCX-003-014-bambu-lab-pla-bambu-green
PCDB-003-015-1,Bambu Lab,Basic PLA,Purple,PLA,#656ab0,"101, 106, 176",47.13 16.5 -38.21,https://theprintcodex.com/products/PCX-003-015-bambu-lab-pla-purple
PCDB-003-016-1,Bambu Lab,Basic PLA,Gold,PLA,#c58f51,"197, 143, 81",63.43 13.76 40.81,https://theprintcodex.com/products/PCX-003-016-bambu-lab-pla-gold
PCDB-003-017-1,Bambu Lab,Basic PLA,Bronze,PLA,#86724c,"134, 114, 76",48.98 2.55 23.86,https://theprintcodex.com/products/PCX-003-017-bambu-lab-pla-bronze
PCDB-003-018-1,Bambu Lab,PLA Sparkle,Alpine Green,PLA,#495f51,"73, 95, 81",38.32 -11.82 5.43,https://theprintcodex.com/products/PCX-003-018-bambu-lab-pla-sparkle-alpine-green
PCDB-003-019-1,Bambu Lab,PLA Sparkle,Crimson Red,PLA,#7c443b,"124, 68, 59",35.44 23.28 15.97,https://theprintcodex.com/products/PCX-003-019-bambu-lab-pla-sparkle-crimson-red
PCDB-003-020-1,Bambu Lab,PLA Sparkle,Onyx Black,PLA,#3f3e3b,"63, 62, 59",26.21 -0.47 2.31,https://theprintcodex.com/products/PCX-003-020-bambu-lab-pla-sparkle-onyx-black
PCDB-003-021-1,Bambu Lab,PLA Sparkle,Royal Purple,PLA,#4d4e5b,"77, 78, 91",33.69 2.36 -7.4,https://theprintcodex.com/products/PCX-003-021-bambu-lab-pla-sparkle-royal-purple
PCDB-003-022-1,Bambu Lab,PLA Sparkle,Slate Grey,PLA,#586062,"88, 96, 98",40.26 -2.85 -1.7,https://theprintcodex.com/products/PCX-003-022-bambu-lab-pla-sparkle-slate-grey
PCDB-003-023-1,Bambu Lab,Basic PLA,Magenta,PLA,#c7579e,"199, 87, 158",53.45 52.65 -16.78,https://theprintcodex.com/products/PCX-003-023-bambu-lab-pla-magenta
PCDB-003-024-1,Bambu Lab,Basic PLA,Cyan,PLA,#009bd2,"0, 155, 210",59.92 -14.69 -37.54,https://theprintcodex.com/products/PCX-003-024-bambu-lab-pla-cyan
PCDB-003-025-1,Bambu Lab,Marble PLA,White Marble,PLA,Unmeasured,Unmeasured,Unmeasured,https://theprintcodex.com/products/PCX-003-041-bambu-lab-pla-white-marble
PCDB-003-026-1,Bambu Lab,Marble PLA,Red Granite,PLA,Unmeasured,Unmeasured,Unmeasured,https://theprintcodex.com/products/PCX-003-042-bambu-lab-pla-red-granite
PCDB-003-027-1,Bambu Lab,PLA Aero,Gray,PLA,,,,
PCDB-003-028-1,Bambu Lab,PLA Basic,Light Gray,PLA,,,,
PCDB-003-029-1,Bambu Lab,PLA Basic,Sunflower Yellow,PLA,,,,
PCDB-003-030-1,Bambu Lab,PLA Basic,Pumpkin Orange,PLA,,,,
PCDB-003-031-1,Bambu Lab,PLA Basic,Bright Green,PLA,,,,
PCDB-003-032-1,Bambu Lab,PLA Basic,Mistletoe Green,PLA,,,,
PCDB-003-033-1,Bambu Lab,PLA Basic,Hot Pink,PLA,,,,
PCDB-003-034-1,Bambu Lab,PLA Basic,Maroon Red,PLA,,,,
PCDB-003-035-1,Bambu Lab,PLA Basic,Indigo Purple,PLA,,,,
PCDB-003-036-1,Bambu Lab,PLA Basic,Turquoise,PLA,,,,
PCDB-003-037-1,Bambu Lab,PLA Basic,Cobalt Blue,PLA,,,,
PCDB-003-038-1,Bambu Lab,PLA Basic,Cocoa Brown,PLA,,,,
PCDB-003-039-1,Bambu Lab,PLA Basic,Dark Gray,PLA,,,,
PCDB-003-040-1,Bambu Lab,PLA Basic Gradient,Pink Citrus,PLA,,,,
PCDB-003-041-1,Bambu Lab,PLA Basic Gradient,Dusk Glare,PLA,,,,
PCDB-003-042-1,Bambu Lab,PLA Basic Gradient,Arctic Whisper,PLA,,,,
PCDB-003-043-1,Bambu Lab,PLA Basic Gradient,Solar Breeze,PLA,,,,
PCDB-003-044-1,Bambu Lab,PLA Basic Gradient,Blueberry Bubblegum,PLA,,,,
PCDB-003-045-1,Bambu Lab,PLA Basic Gradient,Mint Lime,PLA,,,,
PCDB-003-046-1,Bambu Lab,PLA Basic Gradient,Ocean to Meadow,PLA,,,,
PCDB-003-047-1,Bambu Lab,PLA Basic Gradient,Cotton Candy Cloud,PLA,,,,
PCDB-003-048-1,Bambu Lab,PLA Galaxy,Purple,PLA,,,,
PCDB-003-049-1,Bambu Lab,PLA Galaxy,Green,PLA,,,,
PCDB-003-050-1,Bambu Lab,PLA Galaxy,Nebulae,PLA,,,,
PCDB-003-051-1,Bambu Lab,PLA Galaxy,Brown,PLA,,,,
PCDB-003-052-1,Bambu Lab,PLA Glow,Glow Green,PLA,,,,
PCDB-003-053-1,Bambu Lab,PLA Glow,Glow Pink,PLA,,,,
PCDB-003-054-1,Bambu Lab,PLA Glow,Glow Orange,PLA,,,,
PCDB-003-055-1,Bambu Lab,PLA Glow,Glow Yellow,PLA,,,,
PCDB-003-056-1,Bambu Lab,PLA Glow,Glow Blue,PLA,,,,
PCDB-003-057-1,Bambu Lab,PLA Marble,White Marble,PLA,,,,
PCDB-003-058-1,Bambu Lab,PLA Matte,Matte Ivory White,PLA,,,,
PCDB-003-059-1,Bambu Lab,PLA Matte,Matte Bone White,PLA,,,,
PCDB-003-060-1,Bambu Lab,PLA Matte,Matte Lemon Yellow,PLA,,,,
PCDB-003-061-1,Bambu Lab,PLA Matte,Matte Mandarin Orange,PLA,,,,
PCDB-003-062-1,Bambu Lab,PLA Matte,Matte Sakura Pink,PLA,,,,
PCDB-003-063-1,Bambu Lab,PLA Matte,Matte Lilac purple,PLA,,,,
PCDB-003-064-1,Bambu Lab,PLA Matte,Matte Plum,PLA,,,,
PCDB-003-065-1,Bambu Lab,PLA Matte,Matte Scarlet Red,PLA,,,,
PCDB-003-066-1,Bambu Lab,PLA Matte,Matte Dark Red,PLA,,,,
PCDB-003-067-1,Bambu Lab,PLA Matte,Matte Apple Green,PLA,,,,
PCDB-003-068-1,Bambu Lab,PLA Matte,Matte Grass Green,PLA,,,,
PCDB-003-069-1,Bambu Lab,PLA Matte,Matte Dark Green,PLA,,,,
PCDB-003-070-1,Bambu Lab,PLA Matte,Matte Ice Blue,PLA,,,,
PCDB-003-071-1,Bambu Lab,PLA Matte,Matte Sky Blue,PLA,,,,
PCDB-003-072-1,Bambu Lab,PLA Matte,Matte Marine Blue,PLA,,,,
PCDB-003-073-1,Bambu Lab,PLA Matte,Matte Dark Blue,PLA,,,,
PCDB-003-074-1,Bambu Lab,PLA Matte,Matte Desert Tan,PLA,,,,
PCDB-003-075-1,Bambu Lab,PLA Matte,Matte Latte Brown,PLA,,,,
PCDB-003-076-1,Bambu Lab,PLA Matte,Matte Caramel,PLA,,,,
PCDB-003-077-1,Bambu Lab,PLA Matte,Matte Terracotta,PLA,,,,
PCDB-003-078-1,Bambu Lab,PLA Matte,Matte Dark Brown,PLA,,,,
PCDB-003-079-1,Bambu Lab,PLA Matte,Matte Dark Chocolate,PLA,,,,
PCDB-003-080-1,Bambu Lab,PLA Matte,Matte Ash Gray,PLA,,,,
PCDB-003-081-1,Bambu Lab,PLA Matte,Matte Nardo Gray,PLA,,,,
PCDB-003-082-1,Bambu Lab,PLA Matte,Matte Charcoal,PLA,,,,
PCDB-003-083-1,Bambu Lab,PLA Metal,Cobalt Blue Metallic,PLA,,,,
PCDB-003-084-1,Bambu Lab,PLA Metal,Oxide Green Metallic,PLA,,,,
PCDB-003-085-1,Bambu Lab,PLA Metal,Iridium Gold Metallic,PLA,,,,
PCDB-003-086-1,Bambu Lab,PLA Metal,Copper Brown Metallic,PLA,,,,
PCDB-003-087-1,Bambu Lab,PLA Metal,Iron Gray Metallic,PLA,,,,
PCDB-003-088-1,Bambu Lab,PLA Silk Multi-Color,Dawn Radiance,PLA,,,,
PCDB-003-089-1,Bambu Lab,PLA Silk Multi-Color,Aurora Purple,PLA,,,,
PCDB-003-090-1,Bambu Lab,PLA Silk Multi-Color,South Beach,PLA,,,,
PCDB-003-091-1,Bambu Lab,PLA Silk Multi-Color,Neon City,PLA,,,,
PCDB-003-092-1,Bambu Lab,PLA Silk Multi-Color,Midnight Blaze,PLA,,,,
PCDB-003-093-1,Bambu Lab,PLA Silk Multi-Color,Gilded Rose,PLA,,,,
PCDB-003-094-1,Bambu Lab,PLA Silk Multi-Color,Blue Hawaii,PLA,,,,
PCDB-003-095-1,Bambu Lab,PLA Silk Multi-Color,Velvet Eclipse,PLA,,,,
PCDB-003-096-1,Bambu Lab,PLA Silk+,Gold,PLA,,,,
PCDB-003-097-1,Bambu Lab,PLA Silk+,Titan Gray,PLA,,,,
PCDB-003-098-1,Bambu Lab,PLA Silk+,Silver,PLA,,,,
PCDB-003-099-1,Bambu Lab,PLA Silk+,White,PLA,,,,
PCDB-003-100-1,Bambu Lab,PLA Silk+,Candy Red,PLA,,,,
PCDB-003-101-1,Bambu Lab,PLA Silk+,Candy Green,PLA,,,,
PCDB-003-102-1,Bambu Lab,PLA Silk+,Mint,PLA,,,,
PCDB-003-103-1,Bambu Lab,PLA Silk+,Blue,PLA,,,,
PCDB-003-104-1,Bambu Lab,PLA Silk+,Baby Blue,PLA,,,,
PCDB-003-105-1,Bambu Lab,PLA Silk+,Purple,PLA,,,,
PCDB-003-106-1,Bambu Lab,PLA Silk+,Rose Gold,PLA,,,,
PCDB-003-107-1,Bambu Lab,PLA Silk+,Pink,PLA,,,,
PCDB-003-108-1,Bambu Lab,PLA Silk+,Champagne,PLA,,,,
PCDB-003-109-1,Bambu Lab,PLA Sparkle,Classic Gold Sparkle,PLA,,,,
PCDB-003-110-1,Bambu Lab,PLA Tough+,Black,PLA,,,,
PCDB-003-111-1,Bambu Lab,PLA Tough+,White,PLA,,,,
PCDB-003-112-1,Bambu Lab,PLA Tough+,Yellow,PLA,,,,
PCDB-003-113-1,Bambu Lab,PLA Tough+,Orange,PLA,,,,
PCDB-003-114-1,Bambu Lab,PLA Tough+,Gray,PLA,,,,
PCDB-003-115-1,Bambu Lab,PLA Tough+,Silver,PLA,,,,
PCDB-003-116-1,Bambu Lab,PLA Tough+,Cyan,PLA,,,,
PCDB-003-117-1,Bambu Lab,PLA Translucent,Teal,PLA,,,,
PCDB-003-118-1,Bambu Lab,PLA Translucent,Blue,PLA,,,,
PCDB-003-119-1,Bambu Lab,PLA Translucent,Orange,PLA,,,,
PCDB-003-120-1,Bambu Lab,PLA Translucent,Purple,PLA,,,,
PCDB-003-121-1,Bambu Lab,PLA Translucent,Red,PLA,,,,
PCDB-003-122-1,Bambu Lab,PLA Translucent,Light Jade,PLA,,,,
PCDB-003-123-1,Bambu Lab,PLA Translucent,Mellow Yellow,PLA,,,,
PCDB-003-124-1,Bambu Lab,PLA Translucent,Cherry Pink,PLA,,,,
PCDB-003-125-1,Bambu Lab,PLA Translucent,Ice Blue,PLA,,,,
PCDB-003-126-1,Bambu Lab,PLA Translucent,Lavender,PLA,,,,
PCDB-003-127-1,Bambu Lab,PLA Wood,Black Walnut,PLA,,,,
PCDB-003-128-1,Bambu Lab,PLA Wood,Rosewood,PLA,,,,
PCDB-003-129-1,Bambu Lab,PLA Wood,Clay Brown,PLA,,,,
PCDB-003-130-1,Bambu Lab,PLA Wood,Classic Birch,PLA,,,,
PCDB-003-131-1,Bambu Lab,PLA Wood,White Oak,PLA,,,,
PCDB-003-132-1,Bambu Lab,PLA Wood,Ochre Yellow,PLA,,,,
PCDB-003-133-1,Bambu Lab,PLA-CF,Burgundy Red,PLA,,,,
PCDB-003-134-1,Bambu Lab,PLA-CF,Matcha Green,PLA,,,,
PCDB-003-135-1,Bambu Lab,PLA-CF,Lava Gray,PLA,,,,
PCDB-003-136-1,Bambu Lab,PLA-CF,Jeans Blue,PLA,,,,
PCDB-003-137-1,Bambu Lab,PLA-CF,Black,PLA,,,,
PCDB-003-138-1,Bambu Lab,PLA-CF,Royal Blue,PLA,,,,
PCDB-003-139-1,Bambu Lab,PLA-CF,Iris Purple,PLA,,,,
PCDB-003-001-2,Bambu Lab,PETG HF,Black,PETG,,,,
PCDB-003-002-2,Bambu Lab,PETG HF,White,PETG,,,,
PCDB-003-003-2,Bambu Lab,PETG HF,Red,PETG,,,,
PCDB-003-004-2,Bambu Lab,PETG HF,Gray,PETG,,,,
PCDB-003-005-2,Bambu Lab,PETG HF,Dark Gray,PETG,,,,
PCDB-003-006-2,Bambu Lab,PETG HF,Cream,PETG,,,,
PCDB-003-007-2,Bambu Lab,PETG HF,Yellow,PETG,,,,
PCDB-003-008-2,Bambu Lab,PETG HF,Orange,PETG,,,,
PCDB-003-009-2,Bambu Lab,PETG HF,Peanut Brown,PETG,,,,
PCDB-003-010-2,Bambu Lab,PETG HF,Lime Green,PETG,,,,
PCDB-003-011-2,Bambu Lab,PETG HF,Green,PETG,,,,
PCDB-003-012-2,Bambu Lab,PETG HF,Forest Green,PETG,,,,
PCDB-003-013-2,Bambu Lab,PETG HF,Lake Blue,PETG,,,,
PCDB-003-014-2,Bambu Lab,PETG HF,Blue,PETG,,,,
PCDB-003-015-2,Bambu Lab,PETG Translucent,Translucent Teal,PETG,,,,
PCDB-003-016-2,Bambu Lab,PETG Translucent,Translucent Light Blue,PETG,,,,
PCDB-003-017-2,Bambu Lab,PETG Translucent,Clear,PETG,,,,
PCDB-003-018-2,Bambu Lab,PETG Translucent,Translucent Gray,PETG,,,,
PCDB-003-019-2,Bambu Lab,PETG Translucent,Translucent Olive,PETG,,,,
PCDB-003-020-2,Bambu Lab,PETG Translucent,Translucent Brown,PETG,,,,
PCDB-003-021-2,Bambu Lab,PETG Translucent,Translucent Orange,PETG,,,,
PCDB-003-022-2,Bambu Lab,PETG Translucent,Translucent Pink,PETG,,,,
PCDB-003-023-2,Bambu Lab,PETG Translucent,Translucent Purple,PETG,,,,
PCDB-003-024-2,Bambu Lab,PETG-CF,Indigo Blue,PETG,,,,
PCDB-003-025-2,Bambu Lab,PETG-CF,Malachite Green,PETG,,,,
PCDB-003-026-2,Bambu Lab,PETG-CF,Titan Gray ,PETG,,,,
PCDB-003-027-2,Bambu Lab,PETG-CF,Brick Red,PETG,,,,
PCDB-003-028-2,Bambu Lab,PETG-CF,Violet Purple,PETG,,,,
PCDB-003-029-2,Bambu Lab,PETG-CF,Black,PETG,,,,
PCDB-003-001-3,Bambu Lab,ASA,White,ASA,,,,
PCDB-003-002-3,Bambu Lab,ASA,Green,ASA,,,,
PCDB-003-003-3,Bambu Lab,ASA,Black,ASA,,,,
PCDB-003-004-3,Bambu Lab,ASA,Gray,ASA,,,,
PCDB-003-005-3,Bambu Lab,ASA,Red,ASA,,,,
PCDB-003-006-3,Bambu Lab,ASA,Blue,ASA,,,,
PCDB-003-007-3,Bambu Lab,ASA Aero,White,ASA,,,,
PCDB-003-008-3,Bambu Lab,ASA-CF,Black,ASA,,,,
PCDB-003-001-4,Bambu Lab,ABS,ABS Silver,ABS,,,,
PCDB-003-002-4,Bambu Lab,ABS,ABS Black,ABS,,,,
PCDB-003-003-4,Bambu Lab,ABS,ABS White,ABS,,,,
PCDB-003-004-4,Bambu Lab,ABS,ABS Bambu Green,ABS,,,,
PCDB-003-005-4,Bambu Lab,ABS,ABS Olive,ABS,,,,
PCDB-003-006-4,Bambu Lab,ABS,ABS Tangerine Yellow,ABS,,,,
PCDB-003-007-4,Bambu Lab,ABS,ABS Orange,ABS,,,,
PCDB-003-008-4,Bambu Lab,ABS,ABS Red,ABS,,,,
PCDB-003-009-4,Bambu Lab,ABS,ABS Azure,ABS,,,,
PCDB-003-010-4,Bambu Lab,ABS,ABS Blue,ABS,,,,
PCDB-003-011-4,Bambu Lab,ABS,ABS Navy Blue,ABS,,,,
PCDB-003-012-4,Bambu Lab,ABS-GF,Orange,ABS,,,,
PCDB-003-013-4,Bambu Lab,ABS-GF,Green,ABS,,,,
PCDB-003-014-4,Bambu Lab,ABS-GF,Red,ABS,,,,
PCDB-003-015-4,Bambu Lab,ABS-GF,Yellow,ABS,,,,
PCDB-003-016-4,Bambu Lab,ABS-GF,Blue,ABS,,,,
PCDB-003-017-4,Bambu Lab,ABS-GF,White,ABS,,,,
PCDB-003-018-4,Bambu Lab,ABS-GF,Gray,ABS,,,,
PCDB-003-019-4,Bambu Lab,ABS-GF,Black,ABS,,,,
PCDB-003-001-7,Bambu Lab,PA6-CF,Black,PA,,,,
PCDB-003-002-7,Bambu Lab,PA6-GF,Blue,PA,,,,
PCDB-003-003-7,Bambu Lab,PA6-GF,Orange,PA,,,,
PCDB-003-004-7,Bambu Lab,PA6-GF,Yellow,PA,,,,
PCDB-003-005-7,Bambu Lab,PA6-GF,Lime,PA,,,,
PCDB-003-006-7,Bambu Lab,PA6-GF,Brown,PA,,,,
PCDB-003-007-7,Bambu Lab,PA6-GF,White,PA,,,,
PCDB-003-008-7,Bambu Lab,PA6-GF,Gray,PA,,,,
PCDB-003-009-7,Bambu Lab,PA6-GF,Black,PA,,,,
PCDB-003-010-7,Bambu Lab,PAHT-CF,Black,PA,,,,
PCDB-003-001-8,Bambu Lab,PC,Transparent,PC,,,,
PCDB-003-002-8,Bambu Lab,PC,Clear Black,PC,,,,
PCDB-003-003-8,Bambu Lab,PC,Black,PC,,,,
PCDB-003-004-8,Bambu Lab,PC,White,PC,,,,
PCDB-003-005-8,Bambu Lab,PC FR,Black,PC,,,,
PCDB-003-006-8,Bambu Lab,PC FR,White,PC,,,,
PCDB-003-007-8,Bambu Lab,PC FR,Gray,PC,,,,
PCDB-003-001-14,Bambu Lab,PET-CF,Black,PET,,,,
PCDB-003-001-18,Bambu Lab,PPA-CF,Black,PPA,,,,
PCDB-003-001-15,Bambu Lab,PPS-CF,Black,PPS,,,,
PCDB-003-001-11,Bambu Lab,PVA,Clear,PVA,,,,
PCDB-003-001-19,Bambu Lab,Support for ABS,White,HIPS,,,,
PCDB-003-011-7,Bambu Lab,Support for PA/PET (PC+ABS),Green,PA,,,,
PCDB-003-011-5,Bambu Lab,Support for PLA (PLA/TPU),White,TPU,,,,
PCDB-003-140-1,Bambu Lab,Support for PLA/PETG,Nature,PLA,,,,
PCDB-003-141-1,Bambu Lab,Support for PLA/PETG,Black,PLA,,,,
PCDB-003-002-5,Bambu Lab,TPU 85A / TPU 90A,Frozen,TPU,,,,
PCDB-003-003-5,Bambu Lab,TPU 85A / TPU 90A,Blaze,TPU,,,,
PCDB-003-004-5,Bambu Lab,TPU 85A / TPU 90A,White,TPU,,,,
PCDB-003-005-5,Bambu Lab,TPU 85A / TPU 90A,Black,TPU,,,,
PCDB-003-006-5,Bambu Lab,TPU 85A / TPU 90A,Neon Orange,TPU,,,,
PCDB-003-007-5,Bambu Lab,TPU 85A / TPU 90A,Light Cyan,TPU,,,,
PCDB-003-008-5,Bambu Lab,TPU 95A HF,White,TPU,,,,
PCDB-003-009-5,Bambu Lab,TPU 95A HF,Gray,TPU,,,,
PCDB-003-010-5,Bambu Lab,TPU 95A HF,Yellow,TPU,,,,
PCDB-003-011-5,Bambu Lab,TPU 95A HF,Blue,TPU,,,,
PCDB-003-012-5,Bambu Lab,TPU 95A HF,Red,TPU,,,,
PCDB-003-013-5,Bambu Lab,TPU 95A HF,Black,TPU,,,,
,,,,,,,,
PCDB-004-001-1,Prusa,Prusament PLA,Army Green,PLA,#555b43,"85, 91, 67",37.35 -6.92 13.03,https://theprintcodex.com/products/PCX-004-001-prusament-pla-army-green
PCDB-004-002-1,Prusa,Prusament PLA,Azure Blue,PLA,#0089ad,"0, 137, 173",52.67 -18.43 -27.82,https://theprintcodex.com/products/PCX-004-002-prusament-pla-azure-blue
PCDB-004-003-1,Prusa,Prusament PLA,Blend Lime,PLA,#8b9e32,"139, 158, 50",61.97 -21.64 51.94,https://theprintcodex.com/products/PCX-004-003-prusament-pla-blend-lime
PCDB-004-004-1,Prusa,Prusament PLA,Blend Ms. Pink,PLA,#d756a5,"215, 86, 165",55.82 58.96 -17.12,https://theprintcodex.com/products/PCX-004-004-prusament-pla-blend-ms.-pink
PCDB-004-005-1,Prusa,Prusament PLA,Blend My Silverness,PLA,#66717a,"102, 113, 122",47.11 -2.04 -6.43,https://theprintcodex.com/products/PCX-004-005-prusament-pla-blend-my-silverness
PCDB-004-006-1,Prusa,Prusament PLA,Blend Oh My Gold,PLA,#c49e2a,"196, 158, 42",66.91 2.88 61.54,https://theprintcodex.com/products/PCX-004-006-prusament-pla-blend-oh-my-gold
PCDB-004-007-1,Prusa,Prusament PLA,Blend Pearl White,PLA,#b6c0c5,"182, 192, 197",76.99 -2.47 -3.62,https://theprintcodex.com/products/PCX-004-007-prusament-pla-blend-pearl-white
PCDB-004-008-1,Prusa,Prusament PLA,Blend Royal Blue,PLA,#005392,"0, 83, 146",33.79 1.45 -41.74,https://theprintcodex.com/products/PCX-004-008-prusament-pla-blend-royal-blue
PCDB-004-009-1,Prusa,Prusament PLA,Blend Viva La Bronze,PLA,#ab8c39,"171, 140, 57",59.57 2.39 47.15,https://theprintcodex.com/products/PCX-004-009-prusament-pla-blend-viva-la-bronze
PCDB-004-010-1,Prusa,Prusament PLA,Galaxy Black,PLA,N/A,N/A,N/A,https://theprintcodex.com/products/PCX-004-010-prusament-pla-galaxy-black
PCDB-004-011-1,Prusa,Prusament PLA,Galaxy Green,PLA,N/A,N/A,N/A,https://theprintcodex.com/products/PCX-004-011-prusament-pla-galaxy-green
PCDB-004-012-1,Prusa,Prusament PLA,Galaxy Purple,PLA,N/A,N/A,N/A,https://theprintcodex.com/products/PCX-004-012-prusament-pla-galaxy-purple
PCDB-004-013-1,Prusa,Prusament PLA,Galaxy Silver,PLA,N/A,N/A,N/A,https://theprintcodex.com/products/PCX-004-013-prusament-pla-galaxy-silver
PCDB-004-014-1,Prusa,Prusament PLA,Gentleman's Grey,PLA,#3e5153,"62, 81, 83",32.86 -6.79 -3.89,https://theprintcodex.com/products/PCX-004-014-prusament-pla-gentleman's-grey
PCDB-004-015-1,Prusa,Prusament PLA,Gravity Grey,PLA,#9da4a7,"157, 164, 167",66.81 -1.64 -2.55,https://theprintcodex.com/products/PCX-004-015-prusament-pla-gravity-grey
PCDB-004-016-1,Prusa,Prusament PLA,Jet Black,PLA,#313231,"49, 50, 49",20.66 -0.78 0.44,https://theprintcodex.com/products/PCX-004-016-prusament-pla-jet-black
PCDB-004-017-1,Prusa,Prusament PLA,Lipstick Red,PLA,#bb323a,"187, 50, 58",43.12 54.86 28.63,https://theprintcodex.com/products/PCX-004-017-prusament-pla-lipstick-red
PCDB-004-018-1,Prusa,Prusament PLA,Marble Grey,PLA,N/A,N/A,N/A,https://theprintcodex.com/products/PCX-004-018-prusament-pla-marble-grey
PCDB-004-019-1,Prusa,Prusament PLA,Opal Green,PLA,#346859,"52, 104, 89",40.3 -21.77 3.34,https://theprintcodex.com/products/PCX-004-019-prusament-pla-opal-green
PCDB-004-020-1,Prusa,Prusament PLA,Pearl Mouse,PLA,#777466,"119, 116, 102",48.65 -1.14 7.82,https://theprintcodex.com/products/PCX-004-020-prusament-pla-pearl-mouse
PCDB-004-021-1,Prusa,Prusament PLA,Pineapple Yellow,PLA,#e8c817,"232, 200, 23",81.14 -3.61 79.44,https://theprintcodex.com/products/PCX-004-021-prusament-pla-pineapple-yellow
PCDB-004-022-1,Prusa,Prusament PLA,Prusa Orange,PLA,#fb6731,"251, 103, 49",62.08 54.38 56.72,https://theprintcodex.com/products/PCX-004-022-prusament-pla-prusa-orange
PCDB-004-023-1,Prusa,Prusament PLA,Recycled,PLA,#393b35,"57, 59, 53",24.35 -1.8 3.19,https://theprintcodex.com/products/PCX-004-023-prusament-pla-recycled
PCDB-004-024-1,Prusa,Prusament PLA,Simply Green,PLA,#71a249,"113, 162, 73",61.51 -32.11 40.56,https://theprintcodex.com/products/PCX-004-024-prusament-pla-simply-green
PCDB-004-025-1,Prusa,Prusament PLA,Vanilla White,PLA,#cccbc1,"204, 203, 193",81.43 -1.38 5.02,https://theprintcodex.com/products/PCX-004-025-prusament-pla-vanilla-white
PCDB-004-026-1,Prusa,Prusament PLA,Pristine White,PLA,#dfe2de,"223, 226, 222",89.55 -1.87 1.53,https://theprintcodex.com/products/PCX-004-028-prusament-pla-pristine-white
PCDB-004-027-1,Prusa,Prusament PLA,Anthracite Grey  ,PLA,,,,
PCDB-004-028-1,Prusa,Prusament PLA,Chalky Blue  ,PLA,,,,
PCDB-004-029-1,Prusa,Prusament PLA,Mystic Brown  ,PLA,,,,
PCDB-004-030-1,Prusa,Prusament PLA,Mystic Green  ,PLA,,,,
PCDB-004-031-1,Prusa,Prusament PLA,Pistachio Green  ,PLA,,,,
PCDB-004-032-1,Prusa,Prusament PLA,Prusa Galaxy Black  ,PLA,,,,
PCDB-004-033-1,Prusa,Prusament PLA,Prusa Pro Green  ,PLA,,,,
PCDB-004-001-2,Prusa,Prusament PETG, Clear  ,PETG,,,,
PCDB-004-002-2,Prusa,Prusament PETG, Anthracite Grey  ,PETG,,,,
PCDB-004-003-2,Prusa,Prusament PETG, Carbon Fiber Black  ,PETG,,,,
PCDB-004-004-2,Prusa,Prusament PETG, Carmine Red Transparent  ,PETG,,,,
PCDB-004-005-2,Prusa,Prusament PETG, Chalky Blue  ,PETG,,,,
PCDB-004-006-2,Prusa,Prusament PETG, Jet Black  ,PETG,,,,
PCDB-004-007-2,Prusa,Prusament PETG, Jungle Green  ,PETG,,,,
PCDB-004-008-2,Prusa,Prusament PETG, Lipstick Red  ,PETG,,,,
PCDB-004-009-2,Prusa,Prusament PETG, Mango Yellow  ,PETG,,,,
PCDB-004-010-2,Prusa,Prusament PETG, Matte Black  ,PETG,,,,
PCDB-004-011-2,Prusa,Prusament PETG, Neon Green  ,PETG,,,,
PCDB-004-012-2,Prusa,Prusament PETG, Ocean Blue  ,PETG,,,,
PCDB-004-013-2,Prusa,Prusament PETG, Pistachio Green  ,PETG,,,,
PCDB-004-014-2,Prusa,Prusament PETG, Prusa Orange  ,PETG,,,,
PCDB-004-015-2,Prusa,Prusament PETG, Prusa Galaxy Black  ,PETG,,,,
PCDB-004-016-2,Prusa,Prusament PETG, Prusa Orange Transparent  ,PETG,,,,
PCDB-004-017-2,Prusa,Prusament PETG, Prusa Pro Green  ,PETG,,,,
PCDB-004-018-2,Prusa,Prusament PETG, Shimmering Violet  ,PETG,,,,
PCDB-004-019-2,Prusa,Prusament PETG, Signal White  ,PETG,,,,
PCDB-004-020-2,Prusa,Prusament PETG, Terracotta Light  ,PETG,,,,
PCDB-004-021-2,Prusa,Prusament PETG, Ultramarine Blue Transparent  ,PETG,,,,
PCDB-004-022-2,Prusa,Prusament PETG, Urban Grey  ,PETG,,,,
PCDB-004-023-2,Prusa,Prusament PETG, V0 Natural  ,PETG,,,,
PCDB-004-024-2,Prusa,Prusament PETG, V0 Jet Black  ,PETG,,,,
PCDB-004-025-2,Prusa,Prusament PETG, Yellow Gold  ,PETG,,,,
,,,,,,,,
PCDB-006-001-1,eSUN,eMarble,Natural,PLA,N/A,N/A,N/A,https://theprintcodex.com/products/PCX-006-057-emarble-natural
PCDB-006-002-1,eSUN,PLA+HS,Black,PLA,,,,
PCDB-006-003-1,eSUN,PLA+HS,Cold White,PLA,,,,
PCDB-006-004-1,eSUN,PLA+HS,White,PLA,,,,
PCDB-006-005-1,eSUN,PLA+HS,Grey,PLA,,,,
PCDB-006-006-1,eSUN,PLA+HS,Silver,PLA,,,,
PCDB-006-007-1,eSUN,PLA+HS,Orange,PLA,,,,
PCDB-006-008-1,eSUN,PLA+HS,Fire Engine Red,PLA,,,,
PCDB-006-009-1,eSUN,PLA+HS,Red,PLA,,,,
PCDB-006-010-1,eSUN,PLA+HS,Blue,PLA,,,,
PCDB-006-011-1,eSUN,PLA+HS,Yellow,PLA,,,,
PCDB-006-012-1,eSUN,PLA+HS,Green,PLA,,,,
PCDB-006-013-1,eSUN,PLA+HS,Pink,PLA,,,,
PCDB-006-014-1,eSUN,PLA+HS,Peak Green,PLA,,,,
PCDB-006-015-1,eSUN,PLA+HS,Pine Green,PLA,,,,
PCDB-006-016-1,eSUN,PLA+HS,Brown,PLA,,,,
PCDB-006-017-1,eSUN,PLA+HS,Olive Green,PLA,,,,
PCDB-006-018-1,eSUN,PLA+HS,Bone White,PLA,,,,
PCDB-006-019-1,eSUN,PLA+HS,Light Blue,PLA,,,,
PCDB-006-020-1,eSUN,PLA+HS,Purple,PLA,,,,
PCDB-006-021-1,eSUN,PLA-Magic,Dark Twinkling Blue,PLA,,,,
PCDB-006-022-1,eSUN,PLA-Magic,Dark Twinkling Purple,PLA,,,,
PCDB-006-023-1,eSUN,PLA-Magic,Dark Twinkling Gold,PLA,,,,
PCDB-006-024-1,eSUN,PLA-Magic,Dark Twinkling Green,PLA,,,,
PCDB-006-025-1,eSUN,PLA-CF,Black,PLA,,,,
PCDB-006-026-1,eSUN,PLA-CF,Brown,PLA,,,,
PCDB-006-027-1,eSUN,PLA-CF,Purple,PLA,,,,
PCDB-006-028-1,eSUN,PLA-CF,Red,PLA,,,,
PCDB-006-029-1,eSUN,PLA-CF,Green,PLA,,,,
PCDB-006-030-1,eSUN,PLA-Lite,Black,PLA,,,,
PCDB-006-031-1,eSUN,PLA-Lite,Cold White,PLA,,,,
PCDB-006-032-1,eSUN,PLA-Lite,Gray,PLA,,,,
PCDB-006-033-1,eSUN,PLA-Lite,Fire Engine Red,PLA,,,,
PCDB-006-034-1,eSUN,PLA-Lite,Yellow,PLA,,,,
PCDB-006-035-1,eSUN,PLA-Lite,Periwinkle Blue,PLA,,,,
PCDB-006-036-1,eSUN,PLA-Lite,Red,PLA,,,,
PCDB-006-037-1,eSUN,PLA-Lite,Blue,PLA,,,,
PCDB-006-038-1,eSUN,PLA-Lite,Green,PLA,,,,
PCDB-006-039-1,eSUN,PLA-Silk Magic,Gold+Red+Green,PLA,,,,
PCDB-006-040-1,eSUN,PLA-Silk Magic,Bule+Orange+Green,PLA,,,,
PCDB-006-041-1,eSUN,PLA-Silk Magic,Gold+Green+Black,PLA,,,,
PCDB-006-042-1,eSUN,PLA-Silk Magic,Brone+Purple+Green,PLA,,,,
PCDB-006-043-1,eSUN,PLA-Silk Magic,Blue+Red+Purple,PLA,,,,
PCDB-006-044-1,eSUN,PLA-Silk Magic,Gold+Silver+Copper,PLA,,,,
PCDB-006-045-1,eSUN,PLA-Silk Magic,Red+Yellow+Blue,PLA,,,,
PCDB-006-046-1,eSUN,PLA-Silk Magic,Red+Gold+Purple,PLA,,,,
PCDB-006-047-1,eSUN,PLA-Silk Magic,Red+Black+Gold,PLA,,,,
PCDB-006-048-1,eSUN,PLA-Silk Magic,Red+Green+Blue,PLA,,,,
PCDB-006-049-1,eSUN,PLA-Silk Magic,Gold+Silver,PLA,,,,
PCDB-006-050-1,eSUN,PLA-Silk Magic,Red+ Blue,PLA,,,,
PCDB-006-051-1,eSUN,PLA-Silk Magic,Green+Blue,PLA,,,,
PCDB-006-052-1,eSUN,PLA-Silk Magic,Black+Gold,PLA,,,,
PCDB-006-053-1,eSUN,PLA-Silk Magic,Black+Red,PLA,,,,
PCDB-006-054-1,eSUN,PLA-Silk Magic,Black+Green,PLA,,,,
PCDB-006-055-1,eSUN,PLA-Silk Magic,Black+Purple,PLA,,,,
PCDB-006-056-1,eSUN,PLA-Silk Magic,Red+Gold,PLA,,,,
PCDB-006-057-1,eSUN,PLA-Silk Magic,Purple+Gold,PLA,,,,
PCDB-006-058-1,eSUN,PLA-Silk Magic,Red+Green,PLA,,,,
PCDB-006-059-1,eSUN,PLA-Silk Magic,Blue+Silver,PLA,,,,
PCDB-006-060-1,eSUN,PLA-Metal,Bronze,PLA,,,,
PCDB-006-061-1,eSUN,PLA-Metal,Gold,PLA,,,,
PCDB-006-062-1,eSUN,PLA-Silk Candy,Red+Gold+Blue,PLA,,,,
PCDB-006-063-1,eSUN,PLA-Silk Candy,Gold+Blue+Green,PLA,,,,
PCDB-006-064-1,eSUN,PLA-Silk Candy,Silver+Black,PLA,,,,
PCDB-006-065-1,eSUN,PLA-Silk Candy,Red+Gold,PLA,,,,
PCDB-006-066-1,eSUN,PLA-Silk Candy,Silver+Blue,PLA,,,,
PCDB-006-067-1,eSUN,PLA-Silk Candy,Blue+Green,PLA,,,,
PCDB-006-068-1,eSUN,PLA-LW 1.75mm 3D Filament  1KG,Natural,PLA,,,,
PCDB-006-069-1,eSUN,PLA-LW 1.75mm 3D Filament  1KG,Black,PLA,,,,
PCDB-006-070-1,eSUN,PLA-ST 1.75mm 3D Filament  1KG,Black,PLA,,,,
PCDB-006-071-1,eSUN,PLA-ST 1.75mm 3D Filament  1KG,Grey,PLA,,,,
PCDB-006-072-1,eSUN,PLA-ST 1.75mm 3D Filament  1KG,Natural,PLA,,,,
PCDB-006-073-1,eSUN,PLA-Silk Metal,Silk Copper,PLA,,,,
PCDB-006-074-1,eSUN,PLA-Silk Metal,Silk Gold,PLA,,,,
PCDB-006-075-1,eSUN,PLA-Silk Metal,Silk Silver,PLA,,,,
PCDB-006-076-1,eSUN,PLA-Silk,Silk White,PLA,,,,
PCDB-006-077-1,eSUN,PLA-Silk,Silk Dark Yellow,PLA,,,,
PCDB-006-078-1,eSUN,PLA-Silk,Silk Red,PLA,,,,
PCDB-006-079-1,eSUN,PLA-Silk,Silk Green,PLA,,,,
PCDB-006-080-1,eSUN,PLA-Silk,Silk Blue,PLA,,,,
PCDB-006-081-1,eSUN,PLA-Silk,Silk Yellow,PLA,,,,
PCDB-006-082-1,eSUN,PLA-Silk,Silk Violet,PLA,,,,
PCDB-006-083-1,eSUN,PLA-Silk,Silk Lime,PLA,,,,
PCDB-006-084-1,eSUN,PLA-Silk,Silk Purple,PLA,,,,
PCDB-006-085-1,eSUN,PLA-Silk,Silk Cyan,PLA,,,,
PCDB-006-086-1,eSUN,PLA-Chameleon,Galaxy Blue,PLA,,,,
PCDB-006-087-1,eSUN,PLA-Chameleon,Tech Black,PLA,,,,
PCDB-006-088-1,eSUN,PLA-Chameleon,Nebula Purple,PLA,,,,
PCDB-006-089-1,eSUN,PLA-Chameleon,Polaris,PLA,,,,
PCDB-006-090-1,eSUN,PLA-Chameleon,Raspberry Red,PLA,,,,
PCDB-006-091-1,eSUN,PLA-Wood,US,PLA,,,,
PCDB-006-092-1,eSUN,PLA-Silk Rainbow,Scorching Sun,PLA,,,,
PCDB-006-093-1,eSUN,PLA-Silk Rainbow,Morning Glory,PLA,,,,
PCDB-006-094-1,eSUN,PLA-Silk Rainbow,Universe,PLA,,,,
PCDB-006-095-1,eSUN,PLA-Silk Rainbow,Forest,PLA,,,,
PCDB-006-096-1,eSUN,PLA-Silk Rainbow,Coral,PLA,,,,
PCDB-006-097-1,eSUN,PLA-Silk Rainbow,Rainbow,PLA,,,,
PCDB-006-098-1,eSUN,PLA-Stars,US,PLA,,,,
PCDB-006-099-1,eSUN,PLA-Matte,Deep Black,PLA,,,,
PCDB-006-100-1,eSUN,PLA-Matte,Milky White,PLA,,,,
PCDB-006-101-1,eSUN,PLA-Matte,Light Khaki,PLA,,,,
PCDB-006-102-1,eSUN,PLA-Matte,Dark Grey,PLA,,,,
PCDB-006-103-1,eSUN,PLA-Matte,Lake Blue,PLA,,,,
PCDB-006-104-1,eSUN,PLA-Matte,Almond Yellow,PLA,,,,
PCDB-006-105-1,eSUN,PLA-Matte,Mint Green,PLA,,,,
PCDB-006-106-1,eSUN,PLA-Matte,Peach Pink,PLA,,,,
PCDB-006-107-1,eSUN,PLA-Matte,Rainbow,PLA,,,,
PCDB-006-108-1,eSUN,PLA-Matte,Lilac,PLA,,,,
PCDB-006-109-1,eSUN,PLA-Matte,Tangerine,PLA,,,,
PCDB-006-110-1,eSUN,PLA-Matte,Strawberry Red,PLA,,,,
PCDB-006-111-1,eSUN,PLA-Matte,Matcha Green,PLA,,,,
PCDB-006-112-1,eSUN,PLA-Matte,Morandi Green,PLA,,,,
PCDB-006-113-1,eSUN,PLA-Matte,Morandi Purple,PLA,,,,
PCDB-006-114-1,eSUN,PLA-Matte,Red Blue,PLA,,,,
PCDB-006-115-1,eSUN,PLA-Matte,Green Purple,PLA,,,,
PCDB-006-116-1,eSUN,PLA-Matte,Green Pink,PLA,,,,
PCDB-006-117-1,eSUN,PLA-Matte,Purple Yellow,PLA,,,,
PCDB-006-118-1,eSUN,PLA-Matte,Purple Blue,PLA,,,,
PCDB-006-119-1,eSUN,PLA-Matte,Green Blue,PLA,,,,
PCDB-006-120-1,eSUN,PLA-Matte,Red Black,PLA,,,,
PCDB-006-121-1,eSUN,PLA-Matte,Black White,PLA,,,,
PCDB-006-122-1,eSUN,PLA-Matte,Macaron,PLA,,,,
PCDB-006-123-1,eSUN,PLA-Matte,Ocean,PLA,,,,
PCDB-006-124-1,eSUN,PLA-Matte,Paddy Field,PLA,,,,
PCDB-006-125-1,eSUN,PLA-Matte,Sunrise,PLA,,,,
PCDB-006-126-1,eSUN,PLA-Basic,Black,PLA,,,,
PCDB-006-127-1,eSUN,PLA-Basic,Cold White,PLA,,,,
PCDB-006-128-1,eSUN,PLA-Basic,White,PLA,,,,
PCDB-006-129-1,eSUN,PLA-Basic,Bone White,PLA,,,,
PCDB-006-130-1,eSUN,PLA-Basic,Beige,PLA,,,,
PCDB-006-131-1,eSUN,PLA-Basic,Grey,PLA,,,,
PCDB-006-132-1,eSUN,PLA-Basic,Light Grey,PLA,,,,
PCDB-006-133-1,eSUN,PLA-Basic,Silver,PLA,,,,
PCDB-006-134-1,eSUN,PLA-Basic,Blue,PLA,,,,
PCDB-006-135-1,eSUN,PLA-Basic,Light Blue,PLA,,,,
PCDB-006-136-1,eSUN,PLA-Basic,Sky Blue,PLA,,,,
PCDB-006-137-1,eSUN,PLA-Basic,Dark Blue,PLA,,,,
PCDB-006-138-1,eSUN,PLA-Basic,Fire Engine Red,PLA,,,,
PCDB-006-139-1,eSUN,PLA-Basic,Red,PLA,,,,
PCDB-006-140-1,eSUN,PLA-Basic,Pink,PLA,,,,
PCDB-006-141-1,eSUN,PLA-Basic,Barbie Pink,PLA,,,,
PCDB-006-142-1,eSUN,PLA-Basic,Purple,PLA,,,,
PCDB-006-143-1,eSUN,PLA-Basic,Grape Purple,PLA,,,,
PCDB-006-144-1,eSUN,PLA-Basic,Green,PLA,,,,
PCDB-006-145-1,eSUN,PLA-Basic,Peak Green,PLA,,,,
PCDB-006-146-1,eSUN,PLA-Basic,Holly Green,PLA,,,,
PCDB-006-147-1,eSUN,PLA-Basic,Olive Green,PLA,,,,
PCDB-006-148-1,eSUN,PLA-Basic,Brown,PLA,,,,
PCDB-006-149-1,eSUN,PLA-Basic,Yellow,PLA,,,,
PCDB-006-150-1,eSUN,PLA-Basic,Orange,PLA,,,,
PCDB-006-151-1,eSUN,PLA-Luminous,Luminous Green,PLA,,,,
PCDB-006-152-1,eSUN,PLA-Luminous,Luminous Blue,PLA,,,,
PCDB-006-153-1,eSUN,PLA+,Black,PLA,,,,
PCDB-006-154-1,eSUN,PLA+,Cold White,PLA,,,,
PCDB-006-155-1,eSUN,PLA+,White,PLA,,,,
PCDB-006-156-1,eSUN,PLA+,Milky White,PLA,,,,
PCDB-006-157-1,eSUN,PLA+,Bone White,PLA,,,,
PCDB-006-158-1,eSUN,PLA+,Beige,PLA,,,,
PCDB-006-159-1,eSUN,PLA+,Light Khaki,PLA,,,,
PCDB-006-160-1,eSUN,PLA+,Grey,PLA,,,,
PCDB-006-161-1,eSUN,PLA+,Silver,PLA,,,,
PCDB-006-162-1,eSUN,PLA+,Fire Engine Red,PLA,,,,
PCDB-006-163-1,eSUN,PLA+,Red,PLA,,,,
PCDB-006-164-1,eSUN,PLA+,RGB Red,PLA,,,,
PCDB-006-165-1,eSUN,PLA+,Magenta,PLA,,,,
PCDB-006-166-1,eSUN,PLA+,Green,PLA,,,,
PCDB-006-167-1,eSUN,PLA+,Olive Green,PLA,,,,
PCDB-006-168-1,eSUN,PLA+,Pine Green,PLA,,,,
PCDB-006-169-1,eSUN,PLA+,Peak Green,PLA,,,,
PCDB-006-170-1,eSUN,PLA+,RGB Green,PLA,,,,
PCDB-006-171-1,eSUN,PLA+,Mint Green,PLA,,,,
PCDB-006-172-1,eSUN,PLA+,Matcha Green,PLA,,,,
PCDB-006-173-1,eSUN,PLA+,Grass Green,PLA,,,,
PCDB-006-174-1,eSUN,PLA+,Holly Green,PLA,,,,
PCDB-006-175-1,eSUN,PLA+,Jade Green,PLA,,,,
PCDB-006-176-1,eSUN,PLA+,Mustard Green,PLA,,,,
PCDB-006-177-1,eSUN,PLA+,Blue,PLA,,,,
PCDB-006-178-1,eSUN,PLA+,RGB Blue,PLA,,,,
PCDB-006-179-1,eSUN,PLA+,Dark blue,PLA,,,,
PCDB-006-180-1,eSUN,PLA+,Light Blue,PLA,,,,
PCDB-006-181-1,eSUN,PLA+,Space Blue,PLA,,,,
PCDB-006-182-1,eSUN,PLA+,Soft Blue,PLA,,,,
PCDB-006-183-1,eSUN,PLA+,Periwinkle Blue,PLA,,,,
PCDB-006-184-1,eSUN,PLA+,Haze Blue,PLA,,,,
PCDB-006-185-1,eSUN,PLA+,Brown,PLA,,,,
PCDB-006-186-1,eSUN,PLA+,Light Brown,PLA,,,,
PCDB-006-187-1,eSUN,PLA+,Pink,PLA,,,,
PCDB-006-188-1,eSUN,PLA+,Peach Pink,PLA,,,,
PCDB-006-189-1,eSUN,PLA+,Soft Pink,PLA,,,,
PCDB-006-190-1,eSUN,PLA+,Yellow,PLA,,,,
PCDB-006-191-1,eSUN,PLA+,Almond Yellow,PLA,,,,
PCDB-006-192-1,eSUN,PLA+,Orange,PLA,,,,
PCDB-006-193-1,eSUN,PLA+,Coral Orange,PLA,,,,
PCDB-006-194-1,eSUN,PLA+,Apricot,PLA,,,,
PCDB-006-195-1,eSUN,PLA+,Gold,PLA,,,,
PCDB-006-196-1,eSUN,PLA+,Lilac,PLA,,,,
PCDB-006-197-1,eSUN,PLA+,Purple,PLA,,,,
PCDB-006-198-1,eSUN,PLA-Luminous Rainbow,US,PLA,,,,
PCDB-006-199-1,eSUN,PLA-UV Color Change,UV Change Orange,PLA,,,,
PCDB-006-200-1,eSUN,PLA-UV Color Change,UV Change Red,PLA,,,,
PCDB-006-201-1,eSUN,PLA-UV Color Change,UV Change Yellow,PLA,,,,
PCDB-006-202-1,eSUN,PLA-UV Color Change,UV Change Blue,PLA,,,,
PCDB-006-203-1,eSUN,PLA-UV Color Change,UV Change Green,PLA,,,,
PCDB-006-204-1,eSUN,PLA-UV Color Change,UV Change Purple,PLA,,,,
PCDB-006-205-1,eSUN,PLA-UV Color Change,UV Change Fuchsia,PLA,,,,
PCDB-006-206-1,eSUN,PLA-Rock,Blueschist,PLA,,,,
PCDB-006-207-1,eSUN,PLA-Rock,Hornfels,PLA,,,,
PCDB-006-208-1,eSUN,PLA-Rock,Limestone,PLA,,,,
PCDB-006-209-1,eSUN,PLA-Rock,Pegmatite,PLA,,,,
PCDB-006-210-1,eSUN,PLA-Rock,Quartzite,PLA,,,,
PCDB-006-211-1,eSUN,PLA-Rock,Tiger-Porphyry,PLA,,,,
PCDB-006-001-2,eSUN,PETG,Solid Black,PETG,,,,
PCDB-006-002-2,eSUN,PETG,Solid White,PETG,,,,
PCDB-006-003-2,eSUN,PETG,Solid Grey,PETG,,,,
PCDB-006-004-2,eSUN,PETG,Solid Red,PETG,,,,
PCDB-006-005-2,eSUN,PETG,Solid Gold,PETG,,,,
PCDB-006-006-2,eSUN,PETG,Solid Blue,PETG,,,,
PCDB-006-007-2,eSUN,PETG,Solid Green,PETG,,,,
PCDB-006-008-2,eSUN,PETG,Solid Yellow,PETG,,,,
PCDB-006-009-2,eSUN,PETG,Solid Silver,PETG,,,,
PCDB-006-010-2,eSUN,PETG,Solid Purple,PETG,,,,
PCDB-006-011-2,eSUN,PETG,Fire Engine Red,PETG,,,,
PCDB-006-012-2,eSUN,PETG,Translucent Green,PETG,,,,
PCDB-006-013-2,eSUN,PETG,Natural,PETG,,,,
PCDB-006-014-2,eSUN,PETG,Translucent Blue,PETG,,,,
PCDB-006-015-2,eSUN,PETG,Translucent Yellow,PETG,,,,
PCDB-006-016-2,eSUN,PETG,Translucent Magenta,PETG,,,,
PCDB-006-017-2,eSUN,PETG+HS,Black,PETG,,,,
PCDB-006-018-2,eSUN,PETG+HS,Solid White,PETG,,,,
PCDB-006-019-2,eSUN,PETG+HS,Solid Grey,PETG,,,,
PCDB-006-020-2,eSUN,PETG+HS,Solid Silver,PETG,,,,
PCDB-006-021-2,eSUN,PETG+HS,Fire Engine Red,PETG,,,,
PCDB-006-022-2,eSUN,PETG+HS,Solid Green,PETG,,,,
PCDB-006-023-2,eSUN,PETG+HS,Solid Orange,PETG,,,,
PCDB-006-024-2,eSUN,PETG+HS,Solid Blue,PETG,,,,
PCDB-006-025-2,eSUN,PETG+HS,Solid Yellow,PETG,,,,
PCDB-006-026-2,eSUN,PETG-CF,Dark Grey,PETG,,,,
PCDB-006-027-2,eSUN,PETG-CF,Antique Brass,PETG,,,,
PCDB-006-028-2,eSUN,PETG-CF,Black Red,PETG,,,,
PCDB-006-029-2,eSUN,PETG-CF,Blackish Green,PETG,,,,
PCDB-006-030-2,eSUN,PETG-CF,Deep Blue,PETG,,,,
PCDB-006-031-2,eSUN,PETG-Basic,Black,PETG,,,,
PCDB-006-032-2,eSUN,PETG-Basic,White,PETG,,,,
PCDB-006-033-2,eSUN,PETG-Basic,Clear,PETG,,,,
PCDB-006-034-2,eSUN,PETG-Basic,Grey,PETG,,,,
PCDB-006-035-2,eSUN,PETG-Basic,Silver,PETG,,,,
PCDB-006-036-2,eSUN,PETG-Basic,Red,PETG,,,,
PCDB-006-037-2,eSUN,PETG-Basic,Blue,PETG,,,,
PCDB-006-038-2,eSUN,PETG-Basic,Translucent Green,PETG,,,,
PCDB-006-039-2,eSUN,PETG-Basic,Translucent Blue,PETG,,,,
PCDB-006-040-2,eSUN,PETG-Basic,Translucent Orange,PETG,,,,
PCDB-006-001-3,eSUN,ASA+,Black,ASA,,,,
PCDB-006-002-3,eSUN,ASA+,Cold White,ASA,,,,
PCDB-006-003-3,eSUN,ASA+,Warm White,ASA,,,,
PCDB-006-004-3,eSUN,ASA+,Grey,ASA,,,,
PCDB-006-005-3,eSUN,ASA+,Silver,ASA,,,,
PCDB-006-001-4,eSUN,ABS+HS,Black,ABS,,,,
PCDB-006-002-4,eSUN,ABS+HS,Cold White,ABS,,,,
PCDB-006-003-4,eSUN,ABS+HS,Grey,ABS,,,,
PCDB-006-004-4,eSUN,ABS+HS,White,ABS,,,,
PCDB-006-005-4,eSUN,ABS+HS,Sliver,ABS,,,,
PCDB-006-006-4,eSUN,ABS+HS,Natural,ABS,,,,
PCDB-006-007-4,eSUN,ABS+HS,Blue,ABS,,,,
PCDB-006-008-4,eSUN,ABS+HS,Fire Engine Red,ABS,,,,
PCDB-006-009-4,eSUN,ABS+HS,Red,ABS,,,,
PCDB-006-010-4,eSUN,ABS+HS,Green,ABS,,,,
PCDB-006-011-4,eSUN,ABS+HS,Orange,ABS,,,,
PCDB-006-012-4,eSUN,ABS+HS,Yellow,ABS,,,,
PCDB-006-013-4,eSUN,ABS+,Black,ABS,,,,
PCDB-006-014-4,eSUN,ABS+,Cold White,ABS,,,,
PCDB-006-015-4,eSUN,ABS+,Grey,ABS,,,,
PCDB-006-016-4,eSUN,ABS+,Fire Engine Red,ABS,,,,
PCDB-006-017-4,eSUN,ABS+,Silver,ABS,,,,
PCDB-006-018-4,eSUN,ABS+,Natural,ABS,,,,
PCDB-006-019-4,eSUN,ABS+,Yellow,ABS,,,,
PCDB-006-020-4,eSUN,ABS+,Blue,ABS,,,,
PCDB-006-021-4,eSUN,ABS+,Orange,ABS,,,,
PCDB-006-022-4,eSUN,ABS+,Green,ABS,,,,
PCDB-006-023-4,eSUN,ABS+,Red,ABS,,,,
PCDB-006-024-4,eSUN,ABS-CF,Black,ABS,,,,
PCDB-006-025-4,eSUN,ABS-CF,Dark Red,ABS,,,,
PCDB-006-026-4,eSUN,ABS-CF,Dark Purple,ABS,,,,
PCDB-006-027-4,eSUN,ABS-CF,Dark Blue,ABS,,,,
PCDB-006-028-4,eSUN,ABS-CF,Dark Green,ABS,,,,
PCDB-006-001-5,eSUN,TPU-95A,Black,TPU,,,,
PCDB-006-002-5,eSUN,TPU-95A,Grey,TPU,,,,
PCDB-006-003-5,eSUN,TPU-95A,White,TPU,,,,
PCDB-006-004-5,eSUN,TPU-95A,Natural,TPU,,,,
PCDB-006-005-5,eSUN,TPU-95A,Rainbow,TPU,,,,
PCDB-006-006-5,eSUN,TPU-95A,Transparent Yellow,TPU,,,,
PCDB-006-007-5,eSUN,TPU-95A,Transparent Orange,TPU,,,,
PCDB-006-008-5,eSUN,TPU-95A,Transparent Red,TPU,,,,
PCDB-006-009-5,eSUN,TPU-95A,Transparent Blue,TPU,,,,
PCDB-006-010-5,eSUN,TPU-95A,Transparent Green,TPU,,,,
PCDB-006-011-5,eSUN,TPU-95A,Transparent Purple,TPU,,,,
PCDB-006-012-5,eSUN,TPU-95A,Transparent Pink,TPU,,,,
PCDB-006-013-5,eSUN,TPE-83A,Black,TPU,,,,
PCDB-006-014-5,eSUN,TPE-83A,White,TPU,,,,
PCDB-006-015-5,eSUN,TPU-LW,White,TPU,,,,
PCDB-006-016-5,eSUN,TPU-LW,Black,TPU,,,,
PCDB-006-017-5,eSUN,TPU-LW,Grey,TPU,,,,
PCDB-006-001-7,eSUN,ePAHT-CF,Natural,PA,,,,
PCDB-006-002-7,eSUN,PA-CF,Natural,PA,,,,
PCDB-006-003-7,eSUN,PA12-CF,Natural,PA,,,,
PCDB-006-004-7,eSUN,PA,Natural,PA,,,,
PCDB-006-001-17,eSUN,PET,Natural,PET,,,,
PCDB-006-002-17,eSUN,PET,Solid Black,PET,,,,
PCDB-006-003-17,eSUN,PET,Solid White,PET,,,,
PCDB-006-004-17,eSUN,PET,Solid Silver,PET,,,,
PCDB-006-005-17,eSUN,PET,Solid Orange,PET,,,,
PCDB-006-006-17,eSUN,PET,Transparent Grey,PET,,,,
PCDB-006-007-17,eSUN,PET,Transparent Blue,PET,,,,
PCDB-006-008-17,eSUN,PET,Transparent Orange,PET,,,,
,,,,,,,,
PCDB-009-001-1,SUNLU,HSPLA Marble,Shadow Storm,PLA,N/A,N/A,N/A,https://theprintcodex.com/products/PCX-009-001-sunlu-pla-marble
PCDB-009-002-1,SUNLU,HSPLA Marble,Shadow Storm,PLA,,,,
PCDB-009-003-1,SUNLU,HSPLA Marble,Brick Red,PLA,,,,
PCDB-009-004-1,SUNLU,HSPLA Marble,Forest Green,PLA,,,,
PCDB-009-005-1,SUNLU,HSPLA Marble,Oreo,PLA,,,,
PCDB-009-006-1,SUNLU,HSPLA Marble,Chestnut Brown,PLA,,,,
PCDB-009-007-1,SUNLU,PLA+,Black,PLA,,,,
PCDB-009-008-1,SUNLU,PLA+,White,PLA,,,,
PCDB-009-009-1,SUNLU,PLA+,Grey,PLA,,,,
PCDB-009-010-1,SUNLU,PLA+,Midnight Black,PLA,,,,
PCDB-009-011-1,SUNLU,PLA+,Roasted Chestnut Black,PLA,,,,
PCDB-009-012-1,SUNLU,PLA+,Bone White,PLA,,,,
PCDB-009-013-1,SUNLU,PLA+,Ceramic White,PLA,,,,
PCDB-009-014-1,SUNLU,PLA+,Red,PLA,,,,
PCDB-009-015-1,SUNLU,PLA+,Blue(Klein Blue),PLA,,,,
PCDB-009-016-1,SUNLU,PLA+,Yellow,PLA,,,,
PCDB-009-017-1,SUNLU,PLA+,Vivid Yellow,PLA,,,,
PCDB-009-018-1,SUNLU,PLA+,Lemon Yellow,PLA,,,,
PCDB-009-019-1,SUNLU,PLA+,Green,PLA,,,,
PCDB-009-020-1,SUNLU,PLA+,Orange,PLA,,,,
PCDB-009-021-1,SUNLU,PLA+,Silver,PLA,,,,
PCDB-009-022-1,SUNLU,PLA+,Purple(Lavender Purple),PLA,,,,
PCDB-009-023-1,SUNLU,PLA+,Sakura Pink,PLA,,,,
PCDB-009-024-1,SUNLU,PLA+,Sunny Orange,PLA,,,,
PCDB-009-025-1,SUNLU,PLA+,Cherry Red,PLA,,,,
PCDB-009-026-1,SUNLU,PLA+,Mint Green,PLA,,,,
PCDB-009-027-1,SUNLU,PLA+,Sky Blue,PLA,,,,
PCDB-009-028-1,SUNLU,PLA+,Oak(Wood),PLA,,,,
PCDB-009-029-1,SUNLU,PLA+,Coffee Brown,PLA,,,,
PCDB-009-030-1,SUNLU,PLA+,Oliver Green,PLA,,,,
PCDB-009-031-1,SUNLU,PLA+,Transparent,PLA,,,,
PCDB-009-032-1,SUNLU,PLA+,Transparent Blue,PLA,,,,
PCDB-009-033-1,SUNLU,PLA+,Transparent Red,PLA,,,,
PCDB-009-034-1,SUNLU,PLA+,Transparent Green,PLA,,,,
PCDB-009-035-1,SUNLU,PLA+,Transparent Yellow,PLA,,,,
PCDB-009-036-1,SUNLU,PLA+,Transparent Purple,PLA,,,,
PCDB-009-037-1,SUNLU,PLA+,Transparent Orange,PLA,,,,
PCDB-009-038-1,SUNLU,PLA+,Gold(Light Gold),PLA,,,,
PCDB-009-039-1,SUNLU,PLA+,Chocolate,PLA,,,,
PCDB-009-040-1,SUNLU,PLA,Black,PLA,,,,
PCDB-009-041-1,SUNLU,PLA,White,PLA,,,,
PCDB-009-042-1,SUNLU,PLA,Grey,PLA,,,,
PCDB-009-043-1,SUNLU,PLA,Midnight Black,PLA,,,,
PCDB-009-044-1,SUNLU,PLA,Roasted Chestnut Black,PLA,,,,
PCDB-009-045-1,SUNLU,PLA,Bone White,PLA,,,,
PCDB-009-046-1,SUNLU,PLA,Ceramic White,PLA,,,,
PCDB-009-047-1,SUNLU,PLA,Red,PLA,,,,
PCDB-009-048-1,SUNLU,PLA,Blue(Klein Blue),PLA,,,,
PCDB-009-049-1,SUNLU,PLA,Yellow,PLA,,,,
PCDB-009-050-1,SUNLU,PLA,Vivid Yellow,PLA,,,,
PCDB-009-051-1,SUNLU,PLA,Green,PLA,,,,
PCDB-009-052-1,SUNLU,PLA,Grass Green,PLA,,,,
PCDB-009-053-1,SUNLU,PLA,Gold,PLA,,,,
PCDB-009-054-1,SUNLU,PLA,Silver,PLA,,,,
PCDB-009-055-1,SUNLU,PLA,Orange,PLA,,,,
PCDB-009-056-1,SUNLU,PLA,Sunny Orange,PLA,,,,
PCDB-009-057-1,SUNLU,PLA,Pink(Sakura Pink),PLA,,,,
PCDB-009-058-1,SUNLU,PLA,Lemon Yellow,PLA,,,,
PCDB-009-059-1,SUNLU,PLA,Sky Blue,PLA,,,,
PCDB-009-060-1,SUNLU,PLA,Skin(Beige),PLA,,,,
PCDB-009-061-1,SUNLU,PLA,Mint Green,PLA,,,,
PCDB-009-062-1,SUNLU,PLA,Cyan,PLA,,,,
PCDB-009-063-1,SUNLU,PLA,Purple(Lavender Purple),PLA,,,,
PCDB-009-064-1,SUNLU,PLA,Oliver Green,PLA,,,,
PCDB-009-065-1,SUNLU,PLA,Magenta(Fuchsia),PLA,,,,
PCDB-009-066-1,SUNLU,PLA,Coffee-Brown(Coffee),PLA,,,,
PCDB-009-067-1,SUNLU,PLA,Oak(Wood),PLA,,,,
PCDB-009-068-1,SUNLU,PLA,Transparent(Clear),PLA,,,,
PCDB-009-069-1,SUNLU,PLA,Transparent(Clear) Red,PLA,,,,
PCDB-009-070-1,SUNLU,PLA,Transparent(Clear) Blue,PLA,,,,
PCDB-009-071-1,SUNLU,PLA,Transparent(Clear) Green,PLA,,,,
PCDB-009-072-1,SUNLU,PLA,Transparent Yellow,PLA,,,,
PCDB-009-073-1,SUNLU,PLA,Transparent Purple,PLA,,,,
PCDB-009-074-1,SUNLU,PLA,Transparent Orange,PLA,,,,
PCDB-009-075-1,SUNLU,PLA,Cherry Red,PLA,,,,
PCDB-009-076-1,SUNLU,PLA+ 2.0,Black,PLA,,,,
PCDB-009-077-1,SUNLU,PLA+ 2.0,White,PLA,,,,
PCDB-009-078-1,SUNLU,PLA+ 2.0,Grey,PLA,,,,
PCDB-009-079-1,SUNLU,PLA+ 2.0,Red,PLA,,,,
PCDB-009-080-1,SUNLU,PLA+ 2.0,Blue (Klein Blue),PLA,,,,
PCDB-009-081-1,SUNLU,PLA+ 2.0,Pure Yellow (Vivid),PLA,,,,
PCDB-009-082-1,SUNLU,PLA+ 2.0,Green,PLA,,,,
PCDB-009-083-1,SUNLU,PLA+ 2.0,Orange,PLA,,,,
PCDB-009-084-1,SUNLU,PLA+ 2.0,Silver,PLA,,,,
PCDB-009-085-1,SUNLU,PLA+ 2.0,Gold,PLA,,,,
PCDB-009-086-1,SUNLU,PLA+ 2.0,Magenta(Fuchsia),PLA,,,,
PCDB-009-087-1,SUNLU,PLA+ 2.0,Blue,PLA,,,,
PCDB-009-088-1,SUNLU,PLA+ 2.0,Coffee,PLA,,,,
PCDB-009-089-1,SUNLU,PLA+ 2.0,Ceramic,PLA,,,,
PCDB-009-090-1,SUNLU,PLA+ 2.0,Bone,PLA,,,,
PCDB-009-091-1,SUNLU,PLA+ 2.0,Midnight,PLA,,,,
PCDB-009-092-1,SUNLU,PLA+ 2.0,Roasted Chestnut,PLA,,,,
PCDB-009-093-1,SUNLU,PLA+ 2.0,Oak(Wood),PLA,,,,
PCDB-009-094-1,SUNLU,PLA+ 2.0,Cyan,PLA,,,,
PCDB-009-095-1,SUNLU,PLA+ 2.0,Sunny,PLA,,,,
PCDB-009-096-1,SUNLU,PLA+ 2.0,Olive,PLA,,,,
PCDB-009-097-1,SUNLU,PLA+ 2.0,Lavender,PLA,,,,
PCDB-009-098-1,SUNLU,High Speed PLA+,Black,PLA,,,,
PCDB-009-099-1,SUNLU,High Speed PLA+,White,PLA,,,,
PCDB-009-100-1,SUNLU,High Speed PLA+,Grey,PLA,,,,
PCDB-009-101-1,SUNLU,High Speed PLA+,Red,PLA,,,,
PCDB-009-102-1,SUNLU,High Speed PLA+,Blue,PLA,,,,
PCDB-009-103-1,SUNLU,High Speed PLA+,Yellow,PLA,,,,
PCDB-009-104-1,SUNLU,High Speed PLA+,Green,PLA,,,,
PCDB-009-105-1,SUNLU,High Speed PLA+,Orange,PLA,,,,
PCDB-009-106-1,SUNLU,High Speed PLA+,Pink,PLA,,,,
PCDB-009-107-1,SUNLU,High Speed PLA+,Olive,PLA,,,,
PCDB-009-108-1,SUNLU,HSPLA+ 2.0,Black,PLA,,,,
PCDB-009-109-1,SUNLU,HSPLA+ 2.0,White,PLA,,,,
PCDB-009-110-1,SUNLU,HSPLA+ 2.0,Grey,PLA,,,,
PCDB-009-111-1,SUNLU,HSPLA+ 2.0,Red,PLA,,,,
PCDB-009-112-1,SUNLU,HSPLA+ 2.0,Blue,PLA,,,,
PCDB-009-113-1,SUNLU,HSPLA+ 2.0,Yellow,PLA,,,,
PCDB-009-114-1,SUNLU,HSPLA+ 2.0,Green,PLA,,,,
PCDB-009-115-1,SUNLU,HSPLA+ 2.0,Pink,PLA,,,,
PCDB-009-116-1,SUNLU,HSPLA+ 2.0,Oliver Green/Dark,PLA,,,,
PCDB-009-117-1,SUNLU,HSPLA+ 2.0,Orange,PLA,,,,
PCDB-009-118-1,SUNLU,High Speed Matte PLA,Black,PLA,,,,
PCDB-009-119-1,SUNLU,High Speed Matte PLA,White,PLA,,,,
PCDB-009-120-1,SUNLU,High Speed Matte PLA,Grey,PLA,,,,
PCDB-009-121-1,SUNLU,High Speed Matte PLA,Cherry,PLA,,,,
PCDB-009-122-1,SUNLU,High Speed Matte PLA,Sky,PLA,,,,
PCDB-009-123-1,SUNLU,High Speed Matte PLA,Sunny,PLA,,,,
PCDB-009-124-1,SUNLU,High Speed Matte PLA,Oliver,PLA,,,,
PCDB-009-125-1,SUNLU,PLA Galaxy,Starlit,PLA,,,,
PCDB-009-126-1,SUNLU,PLA Meta,Meta Black,PLA,,,,
PCDB-009-127-1,SUNLU,PLA Meta,Meta White,PLA,,,,
PCDB-009-128-1,SUNLU,PLA Meta,Meta Grey,PLA,,,,
PCDB-009-129-1,SUNLU,PLA Meta,Meta Red(Cherry Red),PLA,,,,
PCDB-009-130-1,SUNLU,PLA Meta,Meta Blue(Sky Blue),PLA,,,,
PCDB-009-131-1,SUNLU,PLA Meta,Meta Yellow(Lemon Yellow),PLA,,,,
PCDB-009-132-1,SUNLU,PLA Meta,Meta Green(Mint Green),PLA,,,,
PCDB-009-133-1,SUNLU,PLA Meta,Meta Sakura Pink,PLA,,,,
PCDB-009-134-1,SUNLU,PLA Meta,Meta Chocolate,PLA,,,,
PCDB-009-135-1,SUNLU,PLA Meta,Meta Taro Purple,PLA,,,,
PCDB-009-136-1,SUNLU,PLA Meta,Meta Cream White,PLA,,,,
PCDB-009-137-1,SUNLU,PLA Meta,Meta Apple Green,PLA,,,,
PCDB-009-138-1,SUNLU,PLA Meta,Meta Ice Blue,PLA,,,,
PCDB-009-139-1,SUNLU,PLA Carbon Fiber,Black,PLA,,,,
PCDB-009-140-1,SUNLU,PLA Galaxy Color-Shifting,Starlit,PLA,,,,
PCDB-009-001-2,SUNLU,High Speed Matte PETG,Yellow,PETG,,,,
PCDB-009-002-2,SUNLU,High Speed Matte PETG,Pink,PETG,,,,
PCDB-009-003-2,SUNLU,High Speed Matte PETG,Mint,PETG,,,,
PCDB-009-004-2,SUNLU,High Speed Matte PETG,Sky,PETG,,,,
PCDB-009-005-2,SUNLU,High Speed Matte PETG,Black,PETG,,,,
PCDB-009-006-2,SUNLU,High Speed Matte PETG,White,PETG,,,,
PCDB-009-007-2,SUNLU,High Speed Matte PETG,Grey,PETG,,,,
PCDB-009-008-2,SUNLU,High Speed Matte PETG,Red,PETG,,,,
PCDB-009-009-2,SUNLU,High Speed Matte PETG,Blue,PETG,,,,
PCDB-009-010-2,SUNLU,High Speed Matte PETG,Green,PETG,,,,
PCDB-009-011-2,SUNLU,High Speed Matte PETG,Orange,PETG,,,,
PCDB-009-012-2,SUNLU,PETG,Black,PETG,,,,
PCDB-009-013-2,SUNLU,PETG,White,PETG,,,,
PCDB-009-014-2,SUNLU,PETG,Grey,PETG,,,,
PCDB-009-015-2,SUNLU,PETG,Red,PETG,,,,
PCDB-009-016-2,SUNLU,PETG,Blue,PETG,,,,
PCDB-009-017-2,SUNLU,PETG,Green,PETG,,,,
PCDB-009-018-2,SUNLU,PETG,Orange,PETG,,,,
PCDB-009-019-2,SUNLU,PETG,Clear(Transparent),PETG,,,,
PCDB-009-020-2,SUNLU,PETG Carbon Fiber,Black,PETG,,,,
PCDB-009-001-4,SUNLU,ABS,Black,ABS,,,,
PCDB-009-002-4,SUNLU,ABS,White,ABS,,,,
PCDB-009-003-4,SUNLU,ABS,Grey,ABS,,,,
PCDB-009-004-4,SUNLU,ABS,Red,ABS,,,,
PCDB-009-005-4,SUNLU,ABS,Blue,ABS,,,,
PCDB-009-006-4,SUNLU,ABS,Black,ABS,,,,
PCDB-009-007-4,SUNLU,ABS,White,ABS,,,,
PCDB-009-001-7,SUNLU,PA6-CF,Black,PA,,,,
PCDB-009-002-7,SUNLU,PA12-CF,Black,PA,,,,
PCDB-009-003-7,SUNLU,PA6-GF,Black,PA,,,,
PCDB-009-004-7,SUNLU,PA6-GF,Grey,PA,,,,
PCDB-009-005-7,SUNLU,Easy Nylon(PA),Black,PA,,,,
PCDB-009-001-8,SUNLU,PC-ABS,Black,PC,,,,
PCDB-009-002-8,SUNLU,PC-ABS,White,PC,,,,
PCDB-009-001-9,SUNLU,PP,Natural,PP,,,,
PCDB-009-003-8,SUNLU,PC,Natural,PC,,,,
PCDB-009-001-3,SUNLU,ASA  ,Black,ASA,,,,
PCDB-009-002-3,SUNLU,ASA  ,White,ASA,,,,
PCDB-009-001-5,SUNLU,TPU90A,White,TPU,,,,
PCDB-009-002-5,SUNLU,TPU90A,Black,TPU,,,,
PCDB-009-003-5,SUNLU,TPU90A,Grey,TPU,,,,
PCDB-009-004-5,SUNLU,TPU95A,White,TPU,,,,
PCDB-009-005-5,SUNLU,TPU95A,Black,TPU,,,,
PCDB-009-001-12,SUNLU,PVB,Black,PVB,,,,
PCDB-009-002-12,SUNLU,PVB,Transparent,PVB,,,,
PCDB-009-006-5,SUNLU,TPU-SILK,Black,TPU,,,,
PCDB-009-007-5,SUNLU,TPU-SILK,Cream White,TPU,,,,
PCDB-009-008-5,SUNLU,TPU-SILK,Light Blue,TPU,,,,
PCDB-009-009-5,SUNLU,TPU-SILK,Dark Blue,TPU,,,,
PCDB-009-010-5,SUNLU,TPU-SILK,Burgundy,TPU,,,,
PCDB-009-011-5,SUNLU,TPU ,Black,TPU,,,,
PCDB-009-012-5,SUNLU,TPU ,White,TPU,,,,
PCDB-009-013-5,SUNLU,TPU ,Grey,TPU,,,,
PCDB-009-014-5,SUNLU,TPU ,Blue,TPU,,,,
PCDB-009-015-5,SUNLU,TPU ,Green,TPU,,,,
PCDB-009-016-5,SUNLU,TPU ,Transparent,TPU,,,,
,,,,,,,,
PCDB-010-001-1,ERYONE,ERYONE Standard PLA,Orange,PLA,#d75d22,"215, 93, 34",54.46 45.29 54.17,https://theprintcodex.com/products/PCX-010-001-eryone-pla-orange
PCDB-010-002-1,ERYONE,ERYONE Standard PLA,Skin,PLA,#cfad9d,"207, 173, 157",73.32 10.06 13.11,https://theprintcodex.com/products/PCX-010-002-eryone-pla-skin
PCDB-010-003-1,ERYONE,ERYONE Standard PLA,Chinese Red,PLA,#b53c4f,"181, 60, 79",43.61 50.16 16.32,https://theprintcodex.com/products/PCX-010-003-eryone-pla-chinese-red
PCDB-010-004-1,ERYONE,ERYONE Standard PLA,Yellow,PLA,#d4c000,"212, 192, 0",77.04 -9.1 87.55,https://theprintcodex.com/products/PCX-010-004-eryone-pla-yellow
PCDB-010-005-1,ERYONE,ERYONE Standard PLA,Blue,PLA,#008dbb,"0, 141, 187",54.49 -16.39 -33.01,https://theprintcodex.com/products/PCX-010-005-eryone-pla-blue
PCDB-010-006-1,ERYONE,ERYONE Standard PLA,Cool White,PLA,#cad2d9,"202, 210, 217",83.73 -1.38 -4.62,https://theprintcodex.com/products/PCX-010-006-eryone-pla-cool-white
PCDB-010-007-1,ERYONE,ERYONE Standard PLA,Green,PLA,#00914f,"0, 145, 79",52.27 -51.54 25.13,https://theprintcodex.com/products/PCX-010-007-eryone-pla-green
PCDB-010-008-1,ERYONE,ERYONE Standard PLA,Agate Gray,PLA,#858b8c,"133, 139, 140",57.28 -1.87 -1.62,https://theprintcodex.com/products/PCX-010-008-eryone-pla-agate-gray
PCDB-010-009-1,ERYONE,ERYONE Standard PLA,Red,PLA,#9a1f22,"154, 31, 34",33.87 49.57 30.45,https://theprintcodex.com/products/PCX-010-009-eryone-pla-red
PCDB-010-010-1,ERYONE,ERYONE Standard PLA,Silver,PLA,#696d6d,"105, 109, 109",45.63 -1.09 -0.74,https://theprintcodex.com/products/PCX-010-010-eryone-pla-silver
PCDB-010-011-1,ERYONE,ERYONE Standard PLA,Ivory White,PLA,#e9ebe8,"233, 235, 232",92.84 -1.53 1.49,https://theprintcodex.com/products/PCX-010-012-eryone-pla-ivory-white
PCDB-010-012-1,ERYONE,ERYONE Standard PLA,Transparent,PLA,#898983,"137, 137, 131",56.87 -0.9 3.18,https://theprintcodex.com/products/PCX-010-013-eryone-pla-transparent
PCDB-010-013-1,ERYONE,ERYONE Standard PLA,Jet Black,PLA,#232a27,"35, 42, 39",16.49 -4.12 1.39,https://theprintcodex.com/products/PCX-010-015-eryone-pla-jet-black
PCDB-010-014-1,ERYONE,ERYONE Luminous PLA,Luminous Orange Red,PLA,#92928b,"146, 146, 139",60.3 -1.08 3.7,https://theprintcodex.com/products/PCX-010-016-eryone-glow-pla-luminous-orange-red
PCDB-010-015-1,ERYONE,ERYONE Luminous PLA,Luminous Orange,PLA,#90918d,"144, 145, 141",60 -1.13 2.1,https://theprintcodex.com/products/PCX-010-017-eryone-glow-pla-luminous-orange
PCDB-010-016-1,ERYONE,ERYONE Luminous PLA,Luminous Blue,PLA,#8a8b81,"138, 139, 129",57.44 -1.8 4.95,https://theprintcodex.com/products/PCX-010-019-eryone-glow-pla-luminous-blue
PCDB-010-017-1,ERYONE,ERYONE Luminous PLA,Luminous Green,PLA,#85857a,"133, 133, 122",55.09 -1.96 5.67,https://theprintcodex.com/products/PCX-010-020-eryone-glow-pla-luminous-green
PCDB-010-018-1,ERYONE,ERYONE Luminous PLA,Luminous Purple,PLA,#85857f,"133, 133, 127",55.31 -1.12 3.23,https://theprintcodex.com/products/PCX-010-021-eryone-glow-pla-luminous-purple
PCDB-010-019-1,ERYONE,ERYONE Standard PLA,Mango Yellow,PLA,#f0b926,"240, 185, 38",78.06 8.1 74.03,https://theprintcodex.com/products/PCX-010-023-eryone-pla-mango-yellow
PCDB-010-020-1,ERYONE,ERYONE Standard PLA,Apply Green,PLA,#73a94b,"115, 169, 75",63.83 -34.56 42.52,https://theprintcodex.com/products/PCX-010-025-eryone-pla-apply-green
PCDB-010-021-1,ERYONE,ERYONE Standard PLA,Milky White,PLA,#d5dcdd,"213, 220, 221",87.39 -2.22 -1.08,https://theprintcodex.com/products/PCX-010-026-eryone-pla-milky-white
PCDB-010-022-1,ERYONE,ERYONE Standard PLA,Lavender Purple,PLA,#7263ac,"114, 99, 172",46.37 22.71 -37.14,https://theprintcodex.com/products/PCX-010-027-eryone-pla-lavender-purple
PCDB-010-023-1,ERYONE,ERYONE Standard PLA,Signal Gray,PLA,#878a89,"135, 138, 137",57.23 -1.15 -0.04,https://theprintcodex.com/products/PCX-010-030-eryone-pla-signal-gray
PCDB-010-024-1,ERYONE,ERYONE Standard PLA,Carbon Black,PLA,#343635,"52, 54, 53",22.42 -1.18 0.13,https://theprintcodex.com/products/PCX-010-031-eryone-pla-carbon-black
PCDB-010-025-1,ERYONE,ERYONE Burnt Titanium PLA,Dark Gold,PLA,#3b3529,"59, 53, 41",22.53 -0.02 8.89,https://theprintcodex.com/products/PCX-010-037-eryone-burnt-titanium-pla-dark-gold
PCDB-010-026-1,ERYONE,ERYONE Burnt Titanium PLA,Red,PLA,#403839,"64, 56, 57",24.52 3.55 0.91,https://theprintcodex.com/products/PCX-010-038-eryone-burnt-titanium-pla-red
PCDB-010-027-1,ERYONE,ERYONE Burnt Titanium PLA,Blue,PLA,#37403f,"55, 64, 63",26.29 -3.97 -0.63,https://theprintcodex.com/products/PCX-010-039-eryone-burnt-titanium-pla-blue
PCDB-010-028-1,ERYONE,ERYONE Burnt Titanium PLA,Blue Purple,PLA,#34404a,"52, 64, 74",26.34 -1.92 -7.81,https://theprintcodex.com/products/PCX-010-040-eryone-burnt-titanium-pla-blue-purple
PCDB-010-029-1,ERYONE,ERYONE Burnt Titanium PLA,Green,PLA,#475850,"71, 88, 80",35.71 -8.38 2.08,https://theprintcodex.com/products/PCX-010-041-eryone-burnt-titanium-pla-green
